Nodo,Fecha,Precipitacion_mm,Temp_Max_C,Temp_Min_C,Temp_Media_C,Humedad_Relativa,Velocidad_Viento,Radiacion_Solar,Anio,Mes,ONI,Estado_ENSO,VolumenUtilDiarioMasa,irca,nivel_de_riesgo,POBLACION TOTAL,DENSIDAD POBLACIONAL,INDICE DE DESEMPENO INSTITUCIONAL,ACCESO A AGUA POTABLE ADECUADO,PORCENTAJE DE LA POBLACION CON ACCESO A METODOS DE SANEAMIENTO ADECUADOS,COBERTURA DE ACUEDUCTO URBANO,COBERTURA DE ACUEDUCTO RURAL,COBERTURA DE ALCANTARILLADO URBANO,COBERTURA DE ALCANTARILLADO RURAL,CONTINUIDAD DE ACUEDUCTO URBANO,CALIDAD DEL AGUA,AGUAS RESIDUALES TRATADAS,Nivel_Minimo,CONDUCTIVIDAD ELECTRICA,DEMANDA BIOQUIMICA DE OXIGENO (DBO5),DEMANDA QUIMICA DE OXIGENO (DQO),FOSFORO TOTAL,NITROGENO TOTAL,OXIGENO DISUELTO (OD),SOLIDOS SUSPENDIDOS TOTALES,TEMPERATURA,TURBIDEZ,pH
Bogota_Sabana,2015-01-01,2.7,25.3,8.45,18.26,77.88,1.37,17.78,2015,1,0.68,Niño,,7.4,Riesgo bajo,,,,,,,,,,,,,,,,,,,,,,,
Bogota_Sabana,2015-02-01,2.22,26.14,13.72,19.02,78.83,1.14,17.16,2015,2,0.57,Niño,,7.4,Riesgo bajo,,,,,,,,,,,,,,,,,,,,,,,
Bogota_Sabana,2015-03-01,5.25,27.56,13.52,19.15,80.28,1.09,16.63,2015,3,0.57,Niño,,7.4,Riesgo bajo,,,,,,,,,,,,,,,,,,,,,,,
Bogota_Sabana,2015-04-01,6.16,25.5,12.81,19.07,80.32,1.07,16.56,2015,4,0.82,Niño,,7.4,Riesgo bajo,,,,,,,,,,,,,,,,,,,,,,,
Bogota_Sabana,2015-05-01,3.27,25.52,12.24,18.99,79.57,1.14,16.0,2015,5,1.03,Niño,,7.4,Riesgo bajo,,,,,,,,,,,,,,,,,,,,,,,
Bogota_Sabana,2015-06-01,4.04,24.38,12.0,18.24,77.17,1.88,15.32,2015,6,1.23,Niño,,7.4,Riesgo bajo,,,,,,,,,,,,,,,,,,,,,,,
Bogota_Sabana,2015-07-01,4.03,25.54,11.07,18.45,74.72,1.75,16.57,2015,7,1.5,Niño,,7.4,Riesgo bajo,,,,,,,,,,,,,,,,,,,,,,,
Bogota_Sabana,2015-08-01,2.55,26.76,11.81,19.27,71.12,1.71,16.15,2015,8,1.97,Niño,,7.4,Riesgo bajo,,,,,,,,,,,,,,,,,,,,,,,
Bogota_Sabana,2015-09-01,2.51,28.06,10.33,19.58,67.32,1.63,18.51,2015,9,2.24,Niño,,7.4,Riesgo bajo,,,,,,,,,,,,,,,,,,,,,,,
Bogota_Sabana,2015-10-01,4.5,28.34,12.92,19.79,72.89,1.09,17.33,2015,10,2.41,Niño,,7.4,Riesgo bajo,,,,,,,,,,,,,,,,,,,,,,,
Bogota_Sabana,2015-11-01,6.21,25.8,12.87,18.78,80.98,0.96,15.75,2015,11,2.77,Niño,,7.4,Riesgo bajo,,,,,,,,,,,,,,,,,,,,,,,
Bogota_Sabana,2015-12-01,0.99,28.75,11.8,19.91,67.35,1.65,17.84,2015,12,2.76,Niño,,7.4,Riesgo bajo,,,,,,,,,,,,,,,,,,,,,,,
Bogota_Sabana,2016-01-01,0.53,29.74,13.38,20.79,66.06,1.05,19.48,2016,1,2.73,Niño,,7.2,Riesgo bajo,,,,,,,,,,,,,,,,,,,,,,,
Bogota_Sabana,2016-02-01,1.61,29.45,14.67,21.44,66.06,1.13,16.71,2016,2,2.39,Niño,,7.2,Riesgo bajo,,,,,,,,,,,,,,,,,,,,,,,
Bogota_Sabana,2016-03-01,4.16,30.63,13.9,21.08,71.95,1.02,16.87,2016,3,1.71,Niño,,7.2,Riesgo bajo,,,,,,,,,,,,,,,,,,,,,,,
Bogota_Sabana,2016-04-01,9.13,27.16,14.4,19.54,81.61,0.88,15.51,2016,4,1.02,Niño,,7.2,Riesgo bajo,,,,,,,,,,,,,,,,,,,,,,,
Bogota_Sabana,2016-05-01,5.31,26.75,13.54,19.31,79.33,1.06,16.17,2016,5,0.41,Neutral,,7.2,Riesgo bajo,,,,,,,,,,,,,,,,,,,,,,,
Bogota_Sabana,2016-06-01,3.66,25.94,11.99,18.47,74.97,1.35,16.46,2016,6,0.03,Neutral,,7.2,Riesgo bajo,,,,,,,,,,,,,,,,,,,,,,,
Bogota_Sabana,2016-07-01,3.8,25.55,11.8,18.58,73.25,1.44,15.98,2016,7,-0.43,Neutral,,7.2,Riesgo bajo,,,,,,,,,,,,,,,,,,,,,,,
Bogota_Sabana,2016-08-01,4.91,27.24,12.06,19.08,69.61,1.62,17.1,2016,8,-0.53,Niña,,7.2,Riesgo bajo,,,,,,,,,,,,,,,,,,,,,,,
Bogota_Sabana,2016-09-01,4.44,26.95,11.44,19.05,72.41,1.2,17.44,2016,9,-0.53,Niña,,7.2,Riesgo bajo,,,,,,,,,,,,,,,,,,,,,,,
Bogota_Sabana,2016-10-01,6.63,26.26,13.08,18.96,79.98,0.82,17.27,2016,10,-0.69,Niña,,7.2,Riesgo bajo,,,,,,,,,,,,,,,,,,,,,,,
Bogota_Sabana,2016-11-01,7.34,24.7,12.8,18.33,84.81,1.01,15.56,2016,11,-0.7,Niña,,7.2,Riesgo bajo,,,,,,,,,,,,,,,,,,,,,,,
Bogota_Sabana,2016-12-01,4.4,24.91,12.82,18.39,82.62,0.8,16.01,2016,12,-0.4,Neutral,,7.2,Riesgo bajo,,,,,,,,,,,,,,,,,,,,,,,
Bogota_Sabana,2017-01-01,1.76,25.88,10.73,18.22,80.31,1.01,15.76,2017,1,-0.26,Neutral,,7.6,Riesgo bajo,,,,,,,,,,,,,,,,,,,,,,,
Bogota_Sabana,2017-02-01,1.36,27.67,13.08,19.05,74.17,1.3,19.23,2017,2,0.07,Neutral,,7.6,Riesgo bajo,,,,,,,,,,,,,,,,,,,,,,,
Bogota_Sabana,2017-03-01,8.93,26.56,14.42,18.58,83.17,0.83,15.18,2017,3,0.13,Neutral,,7.6,Riesgo bajo,,,,,,,,,,,,,,,,,,,,,,,
Bogota_Sabana,2017-04-01,6.03,26.39,12.51,18.94,80.84,0.97,16.86,2017,4,0.33,Neutral,,7.6,Riesgo bajo,,,,,,,,,,,,,,,,,,,,,,,
Bogota_Sabana,2017-05-01,10.2,25.47,12.49,18.56,83.16,0.91,16.74,2017,5,0.47,Neutral,,7.6,Riesgo bajo,,,,,,,,,,,,,,,,,,,,,,,
Bogota_Sabana,2017-06-01,6.7,24.79,11.9,18.32,82.58,0.99,15.83,2017,6,0.39,Neutral,,7.6,Riesgo bajo,,,,,,,,,,,,,,,,,,,,,,,
Bogota_Sabana,2017-07-01,2.93,24.37,11.79,17.98,79.53,1.43,16.67,2017,7,0.29,Neutral,,7.6,Riesgo bajo,,,,,,,,,,,,,,,,,,,,,,,
Bogota_Sabana,2017-08-01,5.3,25.22,11.72,18.56,77.89,1.05,17.71,2017,8,-0.11,Neutral,,7.6,Riesgo bajo,,,,,,,,,,,,,,,,,,,,,,,
Bogota_Sabana,2017-09-01,3.42,26.48,11.26,18.83,77.81,1.04,17.88,2017,9,-0.39,Neutral,,7.6,Riesgo bajo,,,,,,,,,,,,,,,,,,,,,,,
Bogota_Sabana,2017-10-01,7.74,25.89,12.97,18.57,81.03,1.0,16.15,2017,10,-0.51,Niña,,7.6,Riesgo bajo,,,,,,,,,,,,,,,,,,,,,,,
Bogota_Sabana,2017-11-01,8.86,24.48,13.28,18.3,86.18,0.85,16.49,2017,11,-0.9,Niña,,7.6,Riesgo bajo,,,,,,,,,,,,,,,,,,,,,,,
Bogota_Sabana,2017-12-01,3.07,25.3,10.25,18.25,83.02,0.94,16.9,2017,12,-0.88,Niña,,7.6,Riesgo bajo,,,,,,,,,,,,,,,,,,,,,,,
Bogota_Sabana,2018-01-01,2.47,25.56,11.55,18.31,81.21,0.91,17.15,2018,1,-0.81,Niña,,6.3,Riesgo bajo,,,,,,,,,,,,,,,,,,,,,,,
Bogota_Sabana,2018-02-01,2.39,25.38,11.68,18.7,80.65,1.12,16.61,2018,2,-0.63,Niña,,6.3,Riesgo bajo,,,,,,,,,,,,,,,,,,,,,,,
Bogota_Sabana,2018-03-01,3.51,26.99,12.83,19.16,79.16,1.09,17.19,2018,3,-0.7,Niña,,6.3,Riesgo bajo,,,,,,,,,,,,,,,,,,,,,,,
Bogota_Sabana,2018-04-01,9.22,24.29,13.1,18.01,84.9,0.95,15.46,2018,4,-0.39,Neutral,,6.3,Riesgo bajo,,,,,,,,,,,,,,,,,,,,,,,
Bogota_Sabana,2018-05-01,9.83,24.27,12.53,18.39,83.64,0.85,15.78,2018,5,-0.09,Neutral,,6.3,Riesgo bajo,,,,,,,,,,,,,,,,,,,,,,,
Bogota_Sabana,2018-06-01,6.5,24.29,11.74,17.9,80.2,1.28,16.29,2018,6,0.1,Neutral,,6.3,Riesgo bajo,,,,,,,,,,,,,,,,,,,,,,,
Bogota_Sabana,2018-07-01,5.75,24.21,12.22,17.99,79.3,1.35,16.33,2018,7,0.17,Neutral,,6.3,Riesgo bajo,,,,,,,,,,,,,,,,,,,,,,,
Bogota_Sabana,2018-08-01,4.73,24.69,9.89,17.51,77.65,1.77,18.23,2018,8,0.14,Neutral,,6.3,Riesgo bajo,,,,,,,,,,,,,,,,,,,,,,,
Bogota_Sabana,2018-09-01,4.47,25.5,11.98,18.33,77.27,1.24,18.1,2018,9,0.51,Niño,,6.3,Riesgo bajo,,,,,,,,,,,,,,,,,,,,,,,
Bogota_Sabana,2018-10-01,6.77,25.15,13.06,18.25,83.56,0.89,17.59,2018,10,0.95,Niño,,6.3,Riesgo bajo,,,,,,,,,,,,,,,,,,,,,,,
Bogota_Sabana,2018-11-01,5.62,25.45,13.63,18.62,84.64,0.8,16.25,2018,11,0.96,Niño,,6.3,Riesgo bajo,,,,,,,,,,,,,,,,,,,,,,,
Bogota_Sabana,2018-12-01,1.11,25.2,10.99,18.3,78.49,1.17,18.79,2018,12,0.99,Niño,,6.3,Riesgo bajo,,,,,,,,,,,,,,,,,,,,,,,
Bogota_Sabana,2019-01-01,1.6,26.19,10.74,18.93,78.46,1.3,17.22,2019,1,0.82,Niño,375310870.9677419,5.2,Riesgo bajo,,,,,,,,,,,,,,,,,,,,,,,
Bogota_Sabana,2019-02-01,2.95,26.4,13.73,19.58,78.42,0.95,16.8,2019,2,0.86,Niño,349228892.8571429,5.2,Riesgo bajo,,,,,,,,,,,,,,,,,,,,,,,
Bogota_Sabana,2019-03-01,6.65,25.91,13.37,19.17,82.47,0.82,14.55,2019,3,0.91,Niño,322214612.9032258,5.2,Riesgo bajo,,,,,,,,,,,,,,,,,,,,,,,
Bogota_Sabana,2019-04-01,7.69,25.27,13.44,19.07,84.4,0.92,16.21,2019,4,0.74,Niño,308249466.6666667,5.2,Riesgo bajo,,,,,,,,,,,,,,,,,,,,,,,
Bogota_Sabana,2019-05-01,10.5,25.89,13.14,18.96,82.71,0.9,16.0,2019,5,0.66,Niño,307606161.2903226,5.2,Riesgo bajo,,,,,,,,,,,,,,,,,,,,,,,
Bogota_Sabana,2019-06-01,5.88,24.97,11.95,18.35,81.7,1.29,16.34,2019,6,0.51,Niño,321782800.0,5.2,Riesgo bajo,,,,,,,,,,,,,,,,,,,,,,,
Bogota_Sabana,2019-07-01,4.84,24.35,11.28,18.0,78.7,1.42,17.5,2019,7,0.4,Neutral,366243806.4516129,5.2,Riesgo bajo,,,,,,,,,,,,,,,,,,,,,,,
Bogota_Sabana,2019-08-01,3.17,24.93,11.38,18.2,76.69,1.67,17.75,2019,8,0.09,Neutral,390054870.9677419,5.2,Riesgo bajo,,,,,,,,,,,,,176.0,,,,,,,,,,
Bogota_Sabana,2019-09-01,4.39,25.79,10.96,18.71,76.36,1.31,17.52,2019,9,0.07,Neutral,399258666.6666667,5.2,Riesgo bajo,,,,,,,,,,,,,,,,,,,,,,,
Bogota_Sabana,2019-10-01,7.75,25.41,12.86,18.62,80.76,0.87,16.91,2019,10,0.53,Niño,392567870.9677419,5.2,Riesgo bajo,,,,,,,,,,,,,,,,,,,,,,,
Bogota_Sabana,2019-11-01,7.89,25.32,13.17,18.49,85.48,0.94,16.2,2019,11,0.58,Niño,385040666.6666667,5.2,Riesgo bajo,,,,,,,,,,,,,,,,,,,,,,,
Bogota_Sabana,2019-12-01,2.58,25.34,13.37,19.1,81.85,0.92,16.55,2019,12,0.63,Niño,381478322.5806451,5.2,Riesgo bajo,,,,,,,,,,,,,,611.0,,153.0,2.62,24.7,0.8,172.0,18.4,,7.33
Bogota_Sabana,2019-12-01,2.58,25.34,13.37,19.1,81.85,0.92,16.55,2019,12,0.63,Niño,381478322.5806451,5.2,Riesgo bajo,,,,,,,,,,,,,,565.0,,48.0,1.45,5.9,1.7,344.0,17.9,,7.36
Bogota_Sabana,2020-01-01,0.76,26.58,10.2,18.85,79.68,1.5,18.92,2020,1,0.78,Niño,365105645.1612903,3.7,Sin riesgo,,,,,,,,,,,,,,,,,,,,,,,
Bogota_Sabana,2020-02-01,4.57,27.51,9.69,19.27,76.77,1.36,19.35,2020,2,0.52,Niño,341265620.6896552,3.7,Sin riesgo,,,,,,,,,,,,,,,,,,,,,,,
Bogota_Sabana,2020-03-01,3.42,26.82,11.04,19.38,80.22,1.05,16.7,2020,3,0.58,Niño,318710096.7741935,3.7,Sin riesgo,,,,,,,,,,,,,,,,,,,,,,,
Bogota_Sabana,2020-04-01,5.2,26.58,14.27,19.68,79.98,0.89,16.62,2020,4,0.48,Neutral,300844166.6666667,3.7,Sin riesgo,,,,,,,,,,,,,,,,,,,,,,,
Bogota_Sabana,2020-05-01,4.54,26.27,12.95,19.65,78.76,1.14,15.69,2020,5,-0.16,Neutral,290141870.9677419,3.7,Sin riesgo,,,,,,,,,,,,,,,,,,,,,,,
Bogota_Sabana,2020-06-01,10.42,25.02,11.82,18.53,79.16,1.24,16.38,2020,6,-0.28,Neutral,294335733.3333333,3.7,Sin riesgo,,,,,,,,,,,,,,,,,,,,,,,
Bogota_Sabana,2020-07-01,6.62,24.53,11.15,18.29,78.15,1.13,16.31,2020,7,-0.25,Neutral,323125516.1290323,3.7,Sin riesgo,,,,,,,,,,,,,,,,,,,,,,,
Bogota_Sabana,2020-08-01,3.91,26.09,11.78,18.79,77.94,1.12,16.61,2020,8,-0.54,Niña,336433612.9032258,3.7,Sin riesgo,,,,,,,,,,,,,,,,,,,,,,,
Bogota_Sabana,2020-09-01,3.98,26.73,11.65,18.95,76.04,1.13,18.56,2020,9,-0.79,Niña,328335333.3333333,3.7,Sin riesgo,,,,,,,,,,,,,,,,,,,,,,,
Bogota_Sabana,2020-10-01,1.96,26.6,12.01,19.17,72.36,1.27,17.48,2020,10,-1.2,Niña,314703548.3870968,3.7,Sin riesgo,,,,,,,,,,,,,,650.0,,174.0,2.5,30.99,1.3,90.0,18.0,,7.34
Bogota_Sabana,2020-10-01,1.96,26.6,12.01,19.17,72.36,1.27,17.48,2020,10,-1.2,Niña,314703548.3870968,3.7,Sin riesgo,,,,,,,,,,,,,,621.0,,42.5,0.765,11.95,2.3499999999999996,24.0,17.4,,7.3
Bogota_Sabana,2020-11-01,2.37,24.77,13.94,18.61,81.53,0.81,16.16,2020,11,-1.36,Niña,321075166.6666667,3.7,Sin riesgo,,,,,,,,,,,,,,,,,,,,,,,
Bogota_Sabana,2020-12-01,3.68,26.92,11.88,19.32,74.79,0.87,17.48,2020,12,-1.05,Niña,333583677.4193549,3.7,Sin riesgo,,,,,,,,,,,,,,370.0,,94.0,1.3,14.8,1.2,56.0,18.3,,7.07
Bogota_Sabana,2020-12-01,3.68,26.92,11.88,19.32,74.79,0.87,17.48,2020,12,-1.05,Niña,333583677.4193549,3.7,Sin riesgo,,,,,,,,,,,,,,334.0,,79.5,1.15,7.58,1.3,115.5,19.2,,6.995
Bogota_Sabana,2021-01-01,3.39,27.08,10.89,18.84,73.39,1.07,18.36,2021,1,-0.82,Niña,318859483.8709677,4.1,Sin riesgo,148415.0,1952.83,,100.0,99.0,100.0,100.0,84.66,61.07,,,,,,,,,,,,,,
Bogota_Sabana,2021-02-01,3.51,27.27,14.18,19.62,74.45,1.04,16.48,2021,2,-0.85,Niña,300381750.0,4.1,Sin riesgo,148415.0,1952.83,,100.0,99.0,100.0,100.0,84.66,61.07,,,,,,,,,,,,,,
Bogota_Sabana,2021-03-01,4.26,25.93,14.33,18.69,79.49,0.93,14.88,2021,3,-0.69,Niña,294729838.7096774,4.1,Sin riesgo,148415.0,1952.83,,100.0,99.0,100.0,100.0,84.66,61.07,,,,,320.0,,125.0,0.99,7.8,1.0,35.0,16.7,,7.14
Bogota_Sabana,2021-03-01,4.26,25.93,14.33,18.69,79.49,0.93,14.88,2021,3,-0.69,Niña,294729838.7096774,4.1,Sin riesgo,148415.0,1952.83,,100.0,99.0,100.0,100.0,84.66,61.07,,,,,495.0,,68.5,0.8049999999999999,3.9850000000000003,1.2999999999999998,44.5,18.0,,6.905
Bogota_Sabana,2021-04-01,5.89,26.46,12.93,19.2,79.32,0.94,16.59,2021,4,-0.6,Niña,296661366.6666667,4.1,Sin riesgo,148415.0,1952.83,,100.0,99.0,100.0,100.0,84.66,61.07,,,,,,,,,,,,,,
Bogota_Sabana,2021-05-01,1.74,26.23,13.22,19.16,78.49,1.18,17.28,2021,5,-0.35,Neutral,321908612.9032258,4.1,Sin riesgo,148415.0,1952.83,,100.0,99.0,100.0,100.0,84.66,61.07,,,,,,,,,,,,,,
Bogota_Sabana,2021-06-01,6.56,25.12,10.87,18.36,79.13,1.1,16.74,2021,6,-0.22,Neutral,359512233.3333333,4.1,Sin riesgo,148415.0,1952.83,,100.0,99.0,100.0,100.0,84.66,61.07,,,,,496.0,,113.0,1.4,14.6,0.78,69.0,16.9,,7.39
Bogota_Sabana,2021-06-01,6.56,25.12,10.87,18.36,79.13,1.1,16.74,2021,6,-0.22,Neutral,359512233.3333333,4.1,Sin riesgo,148415.0,1952.83,,100.0,99.0,100.0,100.0,84.66,61.07,,,,,301.0,,64.0,0.95,4.16,1.075,105.0,18.55,,7.235
Bogota_Sabana,2021-07-01,1.86,25.32,11.48,18.63,75.01,1.64,16.75,2021,7,-0.34,Neutral,393645387.0967742,4.1,Sin riesgo,148415.0,1952.83,,100.0,99.0,100.0,100.0,84.66,61.07,,,,,,,,,,,,,,
Bogota_Sabana,2021-08-01,2.29,26.83,12.24,19.18,73.34,1.26,16.76,2021,8,-0.48,Neutral,434575580.6451613,4.1,Sin riesgo,148415.0,1952.83,,100.0,99.0,100.0,100.0,84.66,61.07,,,,,,,,,,,,,,
Bogota_Sabana,2021-09-01,4.83,26.85,11.98,19.14,72.27,1.28,17.97,2021,9,-0.52,Niña,456232800.0,4.1,Sin riesgo,148415.0,1952.83,,100.0,99.0,100.0,100.0,84.66,61.07,,,,,,,,,,,,,,
Bogota_Sabana,2021-10-01,3.11,27.57,13.49,19.62,76.91,0.86,17.65,2021,10,-0.89,Niña,461579258.0645161,4.1,Sin riesgo,148415.0,1952.83,,100.0,99.0,100.0,100.0,84.66,61.07,,,,,454.0,,64.0,1.3,23.56,1.3,31.0,17.5,,7.22
Bogota_Sabana,2021-10-01,3.11,27.57,13.49,19.62,76.91,0.86,17.65,2021,10,-0.89,Niña,461579258.0645161,4.1,Sin riesgo,148415.0,1952.83,,100.0,99.0,100.0,100.0,84.66,61.07,,,,,351.0,,53.0,1.04,8.09,1.05,68.0,22.45,,7.115
Bogota_Sabana,2021-11-01,2.88,26.3,13.88,19.26,77.9,0.9,17.76,2021,11,-0.89,Niña,481237600.0,4.1,Sin riesgo,148415.0,1952.83,,100.0,99.0,100.0,100.0,84.66,61.07,,,,,391.0,,74.0,1.3,20.8,1.0,21.0,17.6,,6.79
Bogota_Sabana,2021-11-01,2.88,26.3,13.88,19.26,77.9,0.9,17.76,2021,11,-0.89,Niña,481237600.0,4.1,Sin riesgo,148415.0,1952.83,,100.0,99.0,100.0,100.0,84.66,61.07,,,,,375.0,,59.5,0.89,8.379999999999999,1.15,38.0,19.7,,6.925
Bogota_Sabana,2021-12-01,2.11,27.01,14.6,19.74,76.74,1.04,16.65,2021,12,-0.96,Niña,474543580.6451613,4.1,Sin riesgo,148415.0,1952.83,,100.0,99.0,100.0,100.0,84.66,61.07,,,,,,,,,,,,,,
Bogota_Sabana,2022-01-01,1.85,28.56,13.78,19.45,71.83,1.18,17.56,2022,1,-0.77,Niña,453196074.1935484,3.1,Sin riesgo,153130.0,2014.87,,100.0,99.0,1.0,100.0,98.09,59.83,,,,,,,,,,,,,,
Bogota_Sabana,2022-02-01,4.7,27.9,13.01,19.29,75.21,0.9,15.44,2022,2,-0.74,Niña,432436285.7142857,3.1,Sin riesgo,153130.0,2014.87,,100.0,99.0,1.0,100.0,98.09,59.83,,,,,760.0,,97.0,3.0,33.8,1.0,26.0,20.9,,7.45
Bogota_Sabana,2022-02-01,4.7,27.9,13.01,19.29,75.21,0.9,15.44,2022,2,-0.74,Niña,432436285.7142857,3.1,Sin riesgo,153130.0,2014.87,,100.0,99.0,1.0,100.0,98.09,59.83,,,,,686.5,,78.0,1.35,9.445,1.7,25.5,19.35,,7.355
Bogota_Sabana,2022-03-01,6.45,25.86,13.81,18.86,81.54,0.89,16.11,2022,3,-0.87,Niña,419985419.3548387,3.1,Sin riesgo,153130.0,2014.87,,100.0,99.0,1.0,100.0,98.09,59.83,,,,,,,,,,,,,,
Bogota_Sabana,2022-04-01,8.67,26.24,13.69,18.88,81.47,0.99,15.56,2022,4,-0.99,Niña,408355533.3333333,3.1,Sin riesgo,153130.0,2014.87,,100.0,99.0,1.0,100.0,98.09,59.83,,,,,,,,,,,,,,
Bogota_Sabana,2022-05-01,10.29,25.8,12.94,18.72,80.97,0.99,16.06,2022,5,-1.0,Niña,454864354.8387097,3.1,Sin riesgo,153130.0,2014.87,,100.0,99.0,1.0,100.0,98.09,59.83,,,,,,,,,,,,,,
Bogota_Sabana,2022-06-01,6.91,24.11,12.19,17.94,81.94,0.91,14.98,2022,6,-0.69,Niña,498158200.0,3.1,Sin riesgo,153130.0,2014.87,,100.0,99.0,1.0,100.0,98.09,59.83,,,,,322.0,,66.0,1.86,11.4,1.0,128.0,15.0,,7.12
Bogota_Sabana,2022-06-01,6.91,24.11,12.19,17.94,81.94,0.91,14.98,2022,6,-0.69,Niña,498158200.0,3.1,Sin riesgo,153130.0,2014.87,,100.0,99.0,1.0,100.0,98.09,59.83,,,,,255.0,,62.0,2.465,3.665,2.55,194.0,17.65,,6.875
Bogota_Sabana,2022-07-01,7.36,24.54,11.41,18.19,79.52,1.14,15.89,2022,7,-0.65,Niña,532957096.7741935,3.1,Sin riesgo,153130.0,2014.87,,100.0,99.0,1.0,100.0,98.09,59.83,,,,,,,,,,,,,,
Bogota_Sabana,2022-08-01,5.24,25.18,11.63,18.12,77.79,1.22,17.43,2022,8,-0.93,Niña,550557806.451613,3.1,Sin riesgo,153130.0,2014.87,,100.0,99.0,1.0,100.0,98.09,59.83,,,,,,,,,,,,,,
Bogota_Sabana,2022-09-01,4.5,25.53,12.09,18.67,78.1,1.01,17.06,2022,9,-1.03,Niña,549053833.3333334,3.1,Sin riesgo,153130.0,2014.87,,100.0,99.0,1.0,100.0,98.09,59.83,,,,,388.0,,69.0,1.5,10.5,1.0,52.0,16.8,,7.22
Bogota_Sabana,2022-09-01,4.5,25.53,12.09,18.67,78.1,1.01,17.06,2022,9,-1.03,Niña,549053833.3333334,3.1,Sin riesgo,153130.0,2014.87,,100.0,99.0,1.0,100.0,98.09,59.83,,,,,339.0,,50.0,0.7050000000000001,4.495,1.0,26.0,17.1,,7.04
Bogota_Sabana,2022-10-01,8.15,24.88,11.69,18.32,83.25,1.06,17.23,2022,10,-0.94,Niña,545696451.6129032,3.1,Sin riesgo,153130.0,2014.87,,100.0,99.0,1.0,100.0,98.09,59.83,,,,,,,,,,,,,,
Bogota_Sabana,2022-11-01,5.97,24.74,13.14,17.98,87.01,0.97,15.83,2022,11,-0.85,Niña,556572100.0,3.1,Sin riesgo,153130.0,2014.87,,100.0,99.0,1.0,100.0,98.09,59.83,,,,,277.0,,57.0,1.0,5.37,3.1,48.0,17.0,,7.03
Bogota_Sabana,2022-11-01,5.97,24.74,13.14,17.98,87.01,0.97,15.83,2022,11,-0.85,Niña,556572100.0,3.1,Sin riesgo,153130.0,2014.87,,100.0,99.0,1.0,100.0,98.09,59.83,,,,,214.5,,54.0,1.06,3.005,3.0999999999999996,176.5,17.15,,6.78
Bogota_Sabana,2022-12-01,2.28,24.76,11.9,18.0,82.2,0.94,17.96,2022,12,-0.75,Niña,564248741.9354838,3.1,Sin riesgo,153130.0,2014.87,,100.0,99.0,1.0,100.0,98.09,59.83,,,,,,,,,,,,,,
Bogota_Sabana,2023-01-01,5.85,24.68,9.61,17.54,82.16,0.97,16.91,2023,1,-0.55,Niña,555273322.5806452,3.2,Sin riesgo,158258.0,2082.34,,100.0,98.85,1.0,100.0,99.0,1.0,24.0,25.0,69.0,,,,,,,,,,,
Bogota_Sabana,2023-02-01,1.93,25.64,10.98,18.75,78.37,0.99,18.54,2023,2,-0.31,Neutral,540964821.4285715,3.2,Sin riesgo,158258.0,2082.34,,100.0,98.85,1.0,100.0,99.0,1.0,24.0,25.0,69.0,,,,,,,,,,,
Bogota_Sabana,2023-03-01,5.33,26.01,13.12,18.51,84.32,0.87,14.8,2023,3,-0.01,Neutral,544803032.2580645,3.2,Sin riesgo,158258.0,2082.34,,100.0,98.85,1.0,100.0,99.0,1.0,24.0,25.0,69.0,,,,,,,,,,,
Bogota_Sabana,2023-04-01,7.27,25.57,13.04,18.6,83.93,0.9,15.3,2023,4,0.25,Neutral,558005533.3333334,3.2,Sin riesgo,158258.0,2082.34,,100.0,98.85,1.0,100.0,99.0,1.0,24.0,25.0,69.0,,,,,,,,,,,
Bogota_Sabana,2023-05-01,7.13,25.85,12.88,19.26,81.59,1.12,17.05,2023,5,0.57,Niño,563669580.6451613,3.2,Sin riesgo,158258.0,2082.34,,100.0,98.85,1.0,100.0,99.0,1.0,24.0,25.0,69.0,,,,,,,,,,,
Bogota_Sabana,2023-06-01,5.06,24.73,12.03,18.43,79.4,1.61,17.28,2023,6,0.89,Niño,577965033.3333334,3.2,Sin riesgo,158258.0,2082.34,,100.0,98.85,1.0,100.0,99.0,1.0,24.0,25.0,69.0,,,,,,,,,,,
Bogota_Sabana,2023-07-01,4.88,25.14,12.17,18.77,78.49,1.72,16.65,2023,7,1.07,Niño,597035354.8387097,3.2,Sin riesgo,158258.0,2082.34,,100.0,98.85,1.0,100.0,99.0,1.0,24.0,25.0,69.0,,315.0,,47.0,0.87,11.0,1.6,42.0,17.2,,6.97
Bogota_Sabana,2023-07-01,4.88,25.14,12.17,18.77,78.49,1.72,16.65,2023,7,1.07,Niño,597035354.8387097,3.2,Sin riesgo,158258.0,2082.34,,100.0,98.85,1.0,100.0,99.0,1.0,24.0,25.0,69.0,,239.5,,41.5,0.525,3.3099999999999996,2.3,80.5,16.35,,6.855
Bogota_Sabana,2023-08-01,4.25,25.79,10.74,18.87,76.52,1.59,18.1,2023,8,1.39,Niño,619585580.6451613,3.2,Sin riesgo,158258.0,2082.34,,100.0,98.85,1.0,100.0,99.0,1.0,24.0,25.0,69.0,,,,,,,,,,,
Bogota_Sabana,2023-09-01,4.65,26.81,11.72,19.59,75.41,1.43,18.28,2023,9,1.64,Niño,614449366.6666666,3.2,Sin riesgo,158258.0,2082.34,,100.0,98.85,1.0,100.0,99.0,1.0,24.0,25.0,69.0,,,,,,,,,,,
Bogota_Sabana,2023-10-01,6.48,26.32,12.14,19.39,80.4,0.91,17.62,2023,10,1.77,Niño,599453806.451613,3.2,Sin riesgo,158258.0,2082.34,,100.0,98.85,1.0,100.0,99.0,1.0,24.0,25.0,69.0,,642.0,,78.0,2.0,25.7,2.0,31.0,18.7,,7.14
Bogota_Sabana,2023-10-01,6.48,26.32,12.14,19.39,80.4,0.91,17.62,2023,10,1.77,Niño,599453806.451613,3.2,Sin riesgo,158258.0,2082.34,,100.0,98.85,1.0,100.0,99.0,1.0,24.0,25.0,69.0,,599.5,,70.0,1.45,11.55,2.35,28.0,19.25,,7.195
Bogota_Sabana,2023-11-01,5.67,25.84,13.28,19.18,81.35,0.99,16.36,2023,11,2.08,Niño,594481666.6666666,3.2,Sin riesgo,158258.0,2082.34,,100.0,98.85,1.0,100.0,99.0,1.0,24.0,25.0,69.0,,,,,,,,,,,
Bogota_Sabana,2023-12-01,4.32,26.56,13.31,19.54,80.68,1.03,16.01,2023,12,2.13,Niño,580021806.451613,3.2,Sin riesgo,158258.0,2082.34,,100.0,98.85,1.0,100.0,99.0,1.0,24.0,25.0,69.0,,,,,,,,,,,
Bogota_Sabana,2024-01-01,0.62,27.96,11.76,20.02,71.83,1.36,20.35,2024,1,1.98,Niño,554029645.1612903,3.6,Sin riesgo,163306.0,2148.76,69.6,100.0,98.85,1.0,100.0,99.0,1.0,24.0,36.32,69.0,,,,,,,,,,,
Bogota_Sabana,2024-02-01,2.34,28.88,14.81,20.72,74.4,1.21,17.62,2024,2,1.67,Niño,525531655.1724138,3.6,Sin riesgo,163306.0,2148.76,69.6,100.0,98.85,1.0,100.0,99.0,1.0,24.0,36.32,69.0,,,,,,,,,,,
Bogota_Sabana,2024-03-01,2.58,29.36,15.26,21.39,71.98,1.16,16.33,2024,3,1.22,Niño,500117677.4193549,3.6,Sin riesgo,163306.0,2148.76,69.6,100.0,98.85,1.0,100.0,99.0,1.0,24.0,36.32,69.0,,,,,,,,,,,
Bogota_Sabana,2024-04-01,7.44,29.24,14.11,20.54,76.39,0.98,16.77,2024,4,0.89,Niño,474841700.0,3.6,Sin riesgo,163306.0,2148.76,69.6,100.0,98.85,1.0,100.0,99.0,1.0,24.0,36.32,69.0,,,,,,,,,,,
Bogota_Sabana,2024-05-01,11.99,26.51,14.52,19.73,82.57,0.97,15.32,2024,5,0.34,Neutral,467863193.5483871,3.6,Sin riesgo,163306.0,2148.76,69.6,100.0,98.85,1.0,100.0,99.0,1.0,24.0,36.32,69.0,,,,,,,,,,,
Bogota_Sabana,2024-06-01,8.27,24.96,12.36,19.02,81.56,1.13,15.89,2024,6,0.23,Neutral,486531533.3333333,3.6,Sin riesgo,163306.0,2148.76,69.6,100.0,98.85,1.0,100.0,99.0,1.0,24.0,36.32,69.0,,542.0,,57.0,2.0,16.8,1.1,28.0,15.7,,6.62
Bogota_Sabana,2024-06-01,8.27,24.96,12.36,19.02,81.56,1.13,15.89,2024,6,0.23,Neutral,486531533.3333333,3.6,Sin riesgo,163306.0,2148.76,69.6,100.0,98.85,1.0,100.0,99.0,1.0,24.0,36.32,69.0,,369.0,,46.0,0.715,3.065,1.6,43.5,15.5,,6.195
Bogota_Sabana,2024-07-01,4.15,24.91,11.93,18.71,80.19,1.5,17.08,2024,7,0.09,Neutral,499495096.7741935,3.6,Sin riesgo,163306.0,2148.76,69.6,100.0,98.85,1.0,100.0,99.0,1.0,24.0,36.32,69.0,,,,,,,,,,,
Bogota_Sabana,2024-08-01,1.92,26.01,11.05,18.97,75.88,1.47,18.0,2024,8,-0.07,Neutral,504866451.6129032,3.6,Sin riesgo,163306.0,2148.76,69.6,100.0,98.85,1.0,100.0,99.0,1.0,24.0,36.32,69.0,,,,,,,,,,,
Bogota_Sabana,2024-09-01,2.87,27.34,11.8,19.77,73.35,1.44,17.85,2024,9,-0.22,Neutral,486848766.6666667,3.6,Sin riesgo,163306.0,2148.76,69.6,100.0,98.85,1.0,100.0,99.0,1.0,24.0,36.32,69.0,,,,,,,,,,,
Bogota_Sabana,2024-10-01,5.74,26.84,12.45,19.45,77.96,1.14,18.86,2024,10,-0.22,Neutral,470190161.2903226,3.6,Sin riesgo,163306.0,2148.76,69.6,100.0,98.85,1.0,100.0,99.0,1.0,24.0,36.32,69.0,,,,,,,,,,,
Bogota_Sabana,2024-11-01,6.53,25.61,12.36,18.59,84.71,0.98,15.36,2024,11,-0.19,Neutral,481637366.6666667,3.6,Sin riesgo,163306.0,2148.76,69.6,100.0,98.85,1.0,100.0,99.0,1.0,24.0,36.32,69.0,,,,,,,,,,,
Bogota_Sabana,2024-12-01,5.08,26.08,14.1,19.18,82.06,0.91,15.82,2024,12,-0.49,Neutral,492346387.0967742,3.6,Sin riesgo,163306.0,2148.76,69.6,100.0,98.85,1.0,100.0,99.0,1.0,24.0,36.32,69.0,,,,,,,,,,,
Bogota_Sabana,2025-01-01,2.45,26.43,10.65,18.88,76.97,1.18,18.02,2025,1,-0.56,Niña,478472875.0,,,,,,,,,,,,,,,,,,,,,,,,,
Bogota_Sabana,2025-02-01,4.08,26.2,14.32,19.26,81.56,0.87,14.51,2025,2,-0.28,Neutral,,,,,,,,,,,,,,,,,,,,,,,,,,
Bogota_Sabana,2025-03-01,8.05,26.43,13.88,19.11,83.58,0.91,15.04,2025,3,0.11,Neutral,,,,,,,,,,,,,,,,,,,,,,,,,,
Bogota_Sabana,2025-04-01,15.86,26.07,13.58,19.19,83.16,0.95,16.22,2025,4,-0.02,Neutral,,,,,,,,,,,,,,,,,,,,,,,,,,
Bogota_Sabana,2025-05-01,8.53,24.32,13.04,18.58,84.0,1.2,15.37,2025,5,-0.02,Neutral,,,,,,,,,,,,,,,,,,,,,,,,,,
Bogota_Sabana,2025-06-01,8.51,24.01,11.83,18.54,81.59,1.36,15.89,2025,6,-0.01,Neutral,,,,,,,,,,,,,,,,,,,,,,,,,,
Bogota_Sabana,2025-07-01,2.78,24.73,11.23,18.11,79.91,1.52,16.71,2025,7,-0.1,Neutral,,,,,,,,,,,,,,,,,,,,,,,,,,
Bogota_Sabana,2025-08-01,4.62,25.12,12.75,18.67,78.21,1.4,17.23,2025,8,-0.32,Neutral,,,,,,,,,,,,,,,,,,,,,,,,,,
Bogota_Sabana,2025-09-01,3.71,25.26,12.7,18.83,78.12,1.35,17.2,2025,9,-0.43,Neutral,,,,,,,,,,,,,,,,,,,,,,,,,,
Bogota_Sabana,2025-10-01,4.81,25.11,12.74,18.55,82.18,0.9,16.36,2025,10,-0.45,Neutral,,,,,,,,,,,,,,,,,,,,,,,,,,
Bogota_Sabana,2025-11-01,3.18,25.57,13.61,18.78,82.24,0.87,15.46,2025,11,-0.64,Niña,,,,,,,,,,,,,,,,,,,,,,,,,,
Bogota_Sabana,2025-12-01,1.39,25.57,11.82,18.56,83.27,1.08,17.32,2025,12,-0.57,Niña,,,,,,,,,,,,,,,,,,,,,,,,,,
Sopo_Sur,2015-01-01,3.31,21.54,7.24,14.95,87.21,1.61,16.43,2015,1,0.68,Niño,,0.4,Sin riesgo,,,,,,,,,,,,,,,,,,,,,,,
Sopo_Sur,2015-02-01,1.42,23.55,11.05,15.75,85.97,1.33,16.21,2015,2,0.57,Niño,,0.4,Sin riesgo,,,,,,,,,,,,,,,,,,,,,,,
Sopo_Sur,2015-03-01,5.8,22.88,12.0,16.15,85.05,1.35,14.7,2015,3,0.57,Niño,,0.4,Sin riesgo,,,,,,,,,,,,,,,,,,,,,,,
Sopo_Sur,2015-04-01,9.02,20.71,11.21,15.61,90.07,1.46,13.56,2015,4,0.82,Niño,,0.4,Sin riesgo,,,,,,,,,,,,,,,,,,,,,,,
Sopo_Sur,2015-05-01,6.19,21.33,10.15,15.35,89.68,1.4,14.6,2015,5,1.03,Niño,,0.4,Sin riesgo,,,,,,,,,,,,,,,,,,,,,,,
Sopo_Sur,2015-06-01,9.17,19.89,9.38,14.23,90.86,1.84,13.14,2015,6,1.23,Niño,,0.4,Sin riesgo,,,,,,,,,,,,,,,,,,,,,,,
Sopo_Sur,2015-07-01,8.52,20.59,8.7,14.37,88.75,1.66,14.84,2015,7,1.5,Niño,,0.4,Sin riesgo,,,,,,,,,,,,,,,,,,,,,,,
Sopo_Sur,2015-08-01,4.98,20.61,10.43,14.99,88.65,1.66,13.9,2015,8,1.97,Niño,,0.4,Sin riesgo,,,,,,,,,,,,,,,,,,,,,,,
Sopo_Sur,2015-09-01,4.15,20.75,8.64,15.27,85.26,1.51,17.64,2015,9,2.24,Niño,,0.4,Sin riesgo,,,,,,,,,,,,,,,,,,,,,,,
Sopo_Sur,2015-10-01,6.08,22.19,10.58,15.76,85.9,1.25,16.81,2015,10,2.41,Niño,,0.4,Sin riesgo,,,,,,,,,,,,,,,,,,,,,,,
Sopo_Sur,2015-11-01,9.05,20.5,10.68,15.59,90.03,1.05,15.38,2015,11,2.77,Niño,,0.4,Sin riesgo,,,,,,,,,,,,,,,,,,,,,,,
Sopo_Sur,2015-12-01,2.19,20.38,9.28,15.05,87.9,1.68,15.69,2015,12,2.76,Niño,,0.4,Sin riesgo,,,,,,,,,,,,,,,,,,,,,,,
Sopo_Sur,2016-01-01,0.2,23.92,10.35,16.4,81.45,1.0,19.93,2016,1,2.73,Niño,,0.0,Sin riesgo,,,,,,,,,,,,,,,,,,,,,,,
Sopo_Sur,2016-02-01,1.54,23.86,10.49,17.01,81.21,1.5,15.16,2016,2,2.39,Niño,,0.0,Sin riesgo,,,,,,,,,,,,,,,,,,,,,,,
Sopo_Sur,2016-03-01,5.24,24.48,11.56,17.49,83.68,1.28,15.19,2016,3,1.71,Niño,,0.0,Sin riesgo,,,,,,,,,,,,,,,,,,,,,,,
Sopo_Sur,2016-04-01,13.68,22.68,12.22,16.6,89.15,0.94,13.75,2016,4,1.02,Niño,,0.0,Sin riesgo,,,,,,,,,,,,,,,,,,,,,,,
Sopo_Sur,2016-05-01,9.73,20.62,11.25,15.68,90.24,1.28,14.47,2016,5,0.41,Neutral,,0.0,Sin riesgo,,,,,,,,,,,,,,,,,,,,,,,
Sopo_Sur,2016-06-01,6.56,20.15,10.12,14.38,89.16,1.47,14.46,2016,6,0.03,Neutral,,0.0,Sin riesgo,,,,,,,,,,,,,,,,,,,,,,,
Sopo_Sur,2016-07-01,6.81,19.65,9.85,14.25,89.11,1.54,13.44,2016,7,-0.43,Neutral,,0.0,Sin riesgo,,,,,,,,,,,,,,,,,,,,,,,
Sopo_Sur,2016-08-01,11.09,20.33,9.23,14.52,87.78,1.55,15.81,2016,8,-0.53,Niña,,0.0,Sin riesgo,,,,,,,,,,,,,,,,,,,,,,,
Sopo_Sur,2016-09-01,7.86,21.71,9.45,14.96,87.19,1.27,16.99,2016,9,-0.53,Niña,,0.0,Sin riesgo,,,,,,,,,,,,,,,,,,,,,,,
Sopo_Sur,2016-10-01,8.22,21.07,10.36,15.84,88.42,0.92,16.8,2016,10,-0.69,Niña,,0.0,Sin riesgo,,,,,,,,,,,,,,,,,,,,,,,
Sopo_Sur,2016-11-01,11.46,21.5,10.48,15.92,89.9,0.76,15.21,2016,11,-0.7,Niña,,0.0,Sin riesgo,,,,,,,,,,,,,,,,,,,,,,,
Sopo_Sur,2016-12-01,5.98,20.59,10.23,15.27,89.99,1.02,16.53,2016,12,-0.4,Neutral,,0.0,Sin riesgo,,,,,,,,,,,,,,,,,,,,,,,
Sopo_Sur,2017-01-01,1.35,21.09,9.06,15.28,88.32,1.01,14.9,2017,1,-0.26,Neutral,,0.0,Sin riesgo,,,,,,,,,,,,,,,,,,,,,,,
Sopo_Sur,2017-02-01,1.95,22.33,10.86,15.79,83.68,1.05,17.82,2017,2,0.07,Neutral,,0.0,Sin riesgo,,,,,,,,,,,,,,,,,,,,,,,
Sopo_Sur,2017-03-01,9.6,21.5,10.81,15.87,88.65,1.05,14.23,2017,3,0.13,Neutral,,0.0,Sin riesgo,,,,,,,,,,,,,,,,,,,,,,,
Sopo_Sur,2017-04-01,6.43,21.55,11.03,15.82,88.57,1.21,16.12,2017,4,0.33,Neutral,,0.0,Sin riesgo,,,,,,,,,,,,,,,,,,,,,,,
Sopo_Sur,2017-05-01,15.29,20.72,10.49,15.68,89.49,1.12,16.2,2017,5,0.47,Neutral,,0.0,Sin riesgo,,,,,,,,,,,,,,,,,,,,,,,
Sopo_Sur,2017-06-01,11.09,19.93,9.67,15.01,90.17,1.21,14.87,2017,6,0.39,Neutral,,0.0,Sin riesgo,,,,,,,,,,,,,,,,,,,,,,,
Sopo_Sur,2017-07-01,6.29,19.69,10.12,14.4,89.77,1.49,12.58,2017,7,0.29,Neutral,,0.0,Sin riesgo,,,,,,,,,,,,,,,,,,,,,,,
Sopo_Sur,2017-08-01,7.82,20.41,10.13,14.95,87.89,1.24,16.51,2017,8,-0.11,Neutral,,0.0,Sin riesgo,,,,,,,,,,,,,,,,,,,,,,,
Sopo_Sur,2017-09-01,5.89,21.46,9.47,15.23,86.76,1.17,17.25,2017,9,-0.39,Neutral,,0.0,Sin riesgo,,,,,,,,,,,,,,,,,,,,,,,
Sopo_Sur,2017-10-01,11.0,21.67,10.15,15.38,87.96,1.05,15.88,2017,10,-0.51,Niña,,0.0,Sin riesgo,,,,,,,,,,,,,,,,,,,,,,,
Sopo_Sur,2017-11-01,11.36,21.03,11.26,16.05,90.28,0.76,17.21,2017,11,-0.9,Niña,,0.0,Sin riesgo,,,,,,,,,,,,,,,,,,,,,,,
Sopo_Sur,2017-12-01,1.97,20.67,8.37,15.48,88.06,0.97,16.55,2017,12,-0.88,Niña,,0.0,Sin riesgo,,,,,,,,,,,,,,,,,,,,,,,
Sopo_Sur,2018-01-01,2.34,21.45,10.23,15.23,87.94,1.21,15.83,2018,1,-0.81,Niña,,0.1,Sin riesgo,,,,,,,,,,,,,,,,,,,,,,,
Sopo_Sur,2018-02-01,0.81,22.17,10.47,15.8,82.16,1.03,15.43,2018,2,-0.63,Niña,,0.1,Sin riesgo,,,,,,,,,,,,,,,,,,,,,,,
Sopo_Sur,2018-03-01,3.75,23.01,10.32,16.21,84.16,1.4,14.99,2018,3,-0.7,Niña,,0.1,Sin riesgo,,,,,,,,,,,,,2.0439999999999996,,,,,,,,,,
Sopo_Sur,2018-04-01,11.82,20.99,11.44,15.41,90.65,1.05,11.97,2018,4,-0.39,Neutral,,0.1,Sin riesgo,,,,,,,,,,,,,1.795,,,,,,,,,,
Sopo_Sur,2018-05-01,12.92,19.9,10.47,15.14,90.87,1.2,14.08,2018,5,-0.09,Neutral,,0.1,Sin riesgo,,,,,,,,,,,,,1.8525,,,,,,,,,,
Sopo_Sur,2018-06-01,11.2,18.97,9.79,14.14,91.05,1.49,13.18,2018,6,0.1,Neutral,,0.1,Sin riesgo,,,,,,,,,,,,,2.08,,,,,,,,,,
Sopo_Sur,2018-07-01,10.16,19.67,9.98,14.21,90.58,1.52,13.4,2018,7,0.17,Neutral,,0.1,Sin riesgo,,,,,,,,,,,,,2.04,,,,,,,,,,
Sopo_Sur,2018-08-01,9.53,20.05,7.94,13.93,87.67,1.63,15.3,2018,8,0.14,Neutral,,0.1,Sin riesgo,,,,,,,,,,,,,2.024,,,,,,,,,,
Sopo_Sur,2018-09-01,5.9,20.71,9.22,14.76,86.43,1.24,16.39,2018,9,0.51,Niño,,0.1,Sin riesgo,,,,,,,,,,,,,1.81,,,,,,,,,,
Sopo_Sur,2018-10-01,9.07,21.03,10.33,15.61,87.91,0.81,16.69,2018,10,0.95,Niño,,0.1,Sin riesgo,,,,,,,,,,,,,1.798888888888889,,,,,,,,,,
Sopo_Sur,2018-11-01,6.37,21.65,10.64,15.93,90.19,0.87,15.66,2018,11,0.96,Niño,,0.1,Sin riesgo,,,,,,,,,,,,,1.545,,,,,,,,,,
Sopo_Sur,2018-12-01,1.2,20.46,9.06,14.93,87.47,1.35,17.89,2018,12,0.99,Niño,,0.1,Sin riesgo,,,,,,,,,,,,,1.5733333333333335,,,,,,,,,,
Sopo_Sur,2019-01-01,0.91,22.12,9.66,15.8,84.45,1.47,14.63,2019,1,0.82,Niño,375310870.9677419,0.2,Sin riesgo,,,,,,,,,,,,,1.6640000000000001,,,,,,,,,,
Sopo_Sur,2019-02-01,1.49,23.5,11.4,16.45,81.25,1.38,17.84,2019,2,0.86,Niño,349228892.8571429,0.2,Sin riesgo,,,,,,,,,,,,,2.0075,,,,,,,,,,
Sopo_Sur,2019-03-01,7.74,22.12,11.96,16.41,86.77,1.14,12.07,2019,3,0.91,Niño,322214612.9032258,0.2,Sin riesgo,,,,,,,,,,,,,2.045,,,,,,,,,,
Sopo_Sur,2019-04-01,10.3,21.6,11.5,16.29,89.56,1.01,13.58,2019,4,0.74,Niño,308249466.6666667,0.2,Sin riesgo,,,,,,,,,,,,,,,,,,,,,,,
Sopo_Sur,2019-05-01,14.59,21.16,10.94,15.62,90.1,1.19,14.43,2019,5,0.66,Niño,307606161.2903226,0.2,Sin riesgo,,,,,,,,,,,,,,,,,,,,,,,
Sopo_Sur,2019-06-01,10.12,20.33,9.45,14.74,91.18,1.54,13.38,2019,6,0.51,Niño,321782800.0,0.2,Sin riesgo,,,,,,,,,,,,,1.7566666666666666,,,,,,,,,,
Sopo_Sur,2019-07-01,9.78,19.44,9.64,14.22,89.98,1.56,14.64,2019,7,0.4,Neutral,366243806.4516129,0.2,Sin riesgo,,,,,,,,,,,,,2.3066666666666666,,,,,,,,,,
Sopo_Sur,2019-08-01,7.56,19.87,9.43,14.43,88.59,1.59,13.68,2019,8,0.09,Neutral,390054870.9677419,0.2,Sin riesgo,,,,,,,,,,,,,2.028,,,,,,,,,,
Sopo_Sur,2019-09-01,7.37,21.26,9.12,15.23,85.81,1.24,16.75,2019,9,0.07,Neutral,399258666.6666667,0.2,Sin riesgo,,,,,,,,,,,,,,,,,,,,,,,
Sopo_Sur,2019-10-01,9.67,21.46,10.42,15.29,87.51,1.13,15.8,2019,10,0.53,Niño,392567870.9677419,0.2,Sin riesgo,,,,,,,,,,,,,,,,,,,,,,,
Sopo_Sur,2019-11-01,10.15,20.95,11.69,16.02,91.69,0.91,15.48,2019,11,0.58,Niño,385040666.6666667,0.2,Sin riesgo,,,,,,,,,,,,,,,,,,,,,,,
Sopo_Sur,2019-12-01,2.72,20.8,11.97,15.91,90.52,1.18,15.68,2019,12,0.63,Niño,381478322.5806451,0.2,Sin riesgo,,,,,,,,,,,,,,,,,,,,,,,
Sopo_Sur,2020-01-01,0.77,22.17,8.87,15.86,85.49,1.35,17.17,2020,1,0.78,Niño,365105645.1612903,1.7,Sin riesgo,,,,,,,,,,,,,,,,,,,,,,,
Sopo_Sur,2020-02-01,3.26,22.77,8.77,16.22,81.7,1.44,18.27,2020,2,0.52,Niño,341265620.6896552,1.7,Sin riesgo,,,,,,,,,,,,,,,,,,,,,,,
Sopo_Sur,2020-03-01,4.32,23.43,9.4,16.44,83.03,1.15,16.1,2020,3,0.58,Niño,318710096.7741935,1.7,Sin riesgo,,,,,,,,,,,,,,,,,,,,,,,
Sopo_Sur,2020-04-01,7.89,22.05,11.42,16.3,87.97,1.21,14.09,2020,4,0.48,Neutral,300844166.6666667,1.7,Sin riesgo,,,,,,,,,,,,,,,,,,,,,,,
Sopo_Sur,2020-05-01,9.03,21.4,10.76,15.79,89.96,1.42,13.12,2020,5,-0.16,Neutral,290141870.9677419,1.7,Sin riesgo,,,,,,,,,,,,,,,,,,,,,,,
Sopo_Sur,2020-06-01,15.13,19.81,9.48,14.73,90.02,1.48,15.52,2020,6,-0.28,Neutral,294335733.3333333,1.7,Sin riesgo,,,,,,,,,,,,,,,,,,,,,,,
Sopo_Sur,2020-07-01,11.14,19.69,9.62,14.44,89.64,1.39,14.56,2020,7,-0.25,Neutral,323125516.1290323,1.7,Sin riesgo,,,,,,,,,,,,,,,,,,,,,,,
Sopo_Sur,2020-08-01,5.61,20.74,9.41,15.09,88.33,1.27,14.21,2020,8,-0.54,Niña,336433612.9032258,1.7,Sin riesgo,,,,,,,,,,,,,,,,,,,,,,,
Sopo_Sur,2020-09-01,6.8,21.58,9.83,15.34,86.09,1.16,16.94,2020,9,-0.79,Niña,328335333.3333333,1.7,Sin riesgo,,,,,,,,,,,,,,,,,,,,,,,
Sopo_Sur,2020-10-01,1.58,23.53,9.49,15.49,83.27,1.09,16.57,2020,10,-1.2,Niña,314703548.3870968,1.7,Sin riesgo,,,,,,,,,,,,,,,,,,,,,,,
Sopo_Sur,2020-11-01,1.65,22.78,11.7,16.49,86.83,0.7,15.29,2020,11,-1.36,Niña,321075166.6666667,1.7,Sin riesgo,,,,,,,,,,,,,,,,,,,,,,,
Sopo_Sur,2020-12-01,3.32,22.65,10.28,16.39,84.4,1.04,17.02,2020,12,-1.05,Niña,333583677.4193549,1.7,Sin riesgo,,,,,,,,,,,,,,,,,,,,,,,
Sopo_Sur,2021-01-01,3.31,22.64,8.79,15.19,84.07,1.28,17.43,2021,1,-0.82,Niña,318859483.8709677,1.5,Sin riesgo,28868.0,255.47,,100.0,99.0,100.0,99.0,77.88,29.02,,,,,,,,,,,,,,
Sopo_Sur,2021-02-01,3.93,22.24,11.26,16.06,84.82,1.09,15.07,2021,2,-0.85,Niña,300381750.0,1.5,Sin riesgo,28868.0,255.47,,100.0,99.0,100.0,99.0,77.88,29.02,,,,,,,,,,,,,,
Sopo_Sur,2021-03-01,4.25,21.98,10.21,15.73,86.23,1.06,12.87,2021,3,-0.69,Niña,294729838.7096774,1.5,Sin riesgo,28868.0,255.47,,100.0,99.0,100.0,99.0,77.88,29.02,,,,,,,,,,,,,,
Sopo_Sur,2021-04-01,5.92,21.19,10.91,15.82,88.44,1.36,16.29,2021,4,-0.6,Niña,296661366.6666667,1.5,Sin riesgo,28868.0,255.47,,100.0,99.0,100.0,99.0,77.88,29.02,,,,,,,,,,,,,,
Sopo_Sur,2021-05-01,0.47,21.9,10.53,15.97,87.69,1.43,14.0,2021,5,-0.35,Neutral,321908612.9032258,1.5,Sin riesgo,28868.0,255.47,,100.0,99.0,100.0,99.0,77.88,29.02,,,,,,,,,,,,,,
Sopo_Sur,2021-06-01,5.12,21.49,8.96,15.11,87.39,1.49,15.74,2021,6,-0.22,Neutral,359512233.3333333,1.5,Sin riesgo,28868.0,255.47,,100.0,99.0,100.0,99.0,77.88,29.02,,,,,,,,,,,,,,
Sopo_Sur,2021-07-01,1.4,20.72,9.34,14.98,86.93,1.87,13.31,2021,7,-0.34,Neutral,393645387.0967742,1.5,Sin riesgo,28868.0,255.47,,100.0,99.0,100.0,99.0,77.88,29.02,,,,,,,,,,,,,,
Sopo_Sur,2021-08-01,1.54,22.38,9.65,15.62,83.31,1.56,15.09,2021,8,-0.48,Neutral,434575580.6451613,1.5,Sin riesgo,28868.0,255.47,,100.0,99.0,100.0,99.0,77.88,29.02,,,,,,,,,,,,,,
Sopo_Sur,2021-09-01,4.09,22.55,9.39,15.64,82.05,1.51,16.54,2021,9,-0.52,Niña,456232800.0,1.5,Sin riesgo,28868.0,255.47,,100.0,99.0,100.0,99.0,77.88,29.02,,,,,,,,,,,,,,
Sopo_Sur,2021-10-01,3.79,23.46,11.22,16.44,86.03,1.23,16.67,2021,10,-0.89,Niña,461579258.0645161,1.5,Sin riesgo,28868.0,255.47,,100.0,99.0,100.0,99.0,77.88,29.02,,,,,,,,,,,,,,
Sopo_Sur,2021-11-01,2.72,22.02,11.32,16.21,86.12,1.11,16.87,2021,11,-0.89,Niña,481237600.0,1.5,Sin riesgo,28868.0,255.47,,100.0,99.0,100.0,99.0,77.88,29.02,,,,,,,,,,,,,,
Sopo_Sur,2021-12-01,1.14,23.07,11.78,16.71,82.75,1.22,17.04,2021,12,-0.96,Niña,474543580.6451613,1.5,Sin riesgo,28868.0,255.47,,100.0,99.0,100.0,99.0,77.88,29.02,,,,,,,,,,,,,,
Sopo_Sur,2022-01-01,1.39,24.48,10.75,16.28,76.89,1.17,16.59,2022,1,-0.77,Niña,453196074.1935484,0.8,Sin riesgo,29787.0,263.6,,100.0,99.0,1.0,99.0,100.0,29.02,,,,,,,,,,,,,,
Sopo_Sur,2022-02-01,4.25,23.72,10.93,16.09,80.86,1.23,13.97,2022,2,-0.74,Niña,432436285.7142857,0.8,Sin riesgo,29787.0,263.6,,100.0,99.0,1.0,99.0,100.0,29.02,,,,,,,,,,,,,,
Sopo_Sur,2022-03-01,7.17,22.26,11.75,15.94,88.08,1.14,14.35,2022,3,-0.87,Niña,419985419.3548387,0.8,Sin riesgo,29787.0,263.6,,100.0,99.0,1.0,99.0,100.0,29.02,,,,,,,,,,,,,,
Sopo_Sur,2022-04-01,11.22,21.18,10.59,15.66,88.48,1.17,13.83,2022,4,-0.99,Niña,408355533.3333333,0.8,Sin riesgo,29787.0,263.6,,100.0,99.0,1.0,99.0,100.0,29.02,,,,,,,,,,,,,,
Sopo_Sur,2022-05-01,17.83,20.56,10.57,15.2,90.5,1.32,14.7,2022,5,-1.0,Niña,454864354.8387097,0.8,Sin riesgo,29787.0,263.6,,100.0,99.0,1.0,99.0,100.0,29.02,,,,,,,,,,,,,,
Sopo_Sur,2022-06-01,10.26,20.16,9.56,14.58,90.3,1.24,14.36,2022,6,-0.69,Niña,498158200.0,0.8,Sin riesgo,29787.0,263.6,,100.0,99.0,1.0,99.0,100.0,29.02,,,,,,,,,,,,,,
Sopo_Sur,2022-07-01,12.99,19.69,9.78,14.4,89.88,1.42,14.92,2022,7,-0.65,Niña,532957096.7741935,0.8,Sin riesgo,29787.0,263.6,,100.0,99.0,1.0,99.0,100.0,29.02,,,,,,,,,,,,,,
Sopo_Sur,2022-08-01,8.65,19.9,8.92,14.35,88.76,1.41,16.11,2022,8,-0.93,Niña,550557806.451613,0.8,Sin riesgo,29787.0,263.6,,100.0,99.0,1.0,99.0,100.0,29.02,,,,,,,,,,,,,,
Sopo_Sur,2022-09-01,6.99,21.21,10.41,15.17,86.38,1.25,15.88,2022,9,-1.03,Niña,549053833.3333334,0.8,Sin riesgo,29787.0,263.6,,100.0,99.0,1.0,99.0,100.0,29.02,,,,,,,,,,,,,,
Sopo_Sur,2022-10-01,9.11,21.45,9.91,15.73,88.35,0.97,16.47,2022,10,-0.94,Niña,545696451.6129032,0.8,Sin riesgo,29787.0,263.6,,100.0,99.0,1.0,99.0,100.0,29.02,,,,,,,,,,,,,,
Sopo_Sur,2022-11-01,6.67,21.22,11.64,15.84,90.9,0.79,14.64,2022,11,-0.85,Niña,556572100.0,0.8,Sin riesgo,29787.0,263.6,,100.0,99.0,1.0,99.0,100.0,29.02,,,,,,,,,,,,,,
Sopo_Sur,2022-12-01,3.39,21.14,8.21,14.98,88.61,1.05,18.49,2022,12,-0.75,Niña,564248741.9354838,0.8,Sin riesgo,29787.0,263.6,,100.0,99.0,1.0,99.0,100.0,29.02,,,,,,,,,,,,,,
Sopo_Sur,2023-01-01,7.93,20.83,7.28,14.51,88.77,1.1,16.57,2023,1,-0.55,Niña,555273322.5806452,1.4,Sin riesgo,30780.0,272.39,,99.8,25.38,1.0,100.0,98.0,1.0,24.0,38.0,100.0,,,,,,,,,,,
Sopo_Sur,2023-02-01,1.75,21.52,7.78,15.01,85.55,1.42,18.9,2023,2,-0.31,Neutral,540964821.4285715,1.4,Sin riesgo,30780.0,272.39,,99.8,25.38,1.0,100.0,98.0,1.0,24.0,38.0,100.0,,,,,,,,,,,
Sopo_Sur,2023-03-01,5.31,21.46,11.98,15.75,88.16,1.04,12.36,2023,3,-0.01,Neutral,544803032.2580645,1.4,Sin riesgo,30780.0,272.39,,99.8,25.38,1.0,100.0,98.0,1.0,24.0,38.0,100.0,,,,,,,,,,,
Sopo_Sur,2023-04-01,10.47,20.9,10.8,15.83,90.19,1.05,13.26,2023,4,0.25,Neutral,558005533.3333334,1.4,Sin riesgo,30780.0,272.39,,99.8,25.38,1.0,100.0,98.0,1.0,24.0,38.0,100.0,,,,,,,,,,,
Sopo_Sur,2023-05-01,12.93,22.13,10.98,15.93,90.13,1.36,15.05,2023,5,0.57,Niño,563669580.6451613,1.4,Sin riesgo,30780.0,272.39,,99.8,25.38,1.0,100.0,98.0,1.0,24.0,38.0,100.0,,,,,,,,,,,
Sopo_Sur,2023-06-01,10.72,19.88,9.87,14.7,89.78,1.69,15.28,2023,6,0.89,Niño,577965033.3333334,1.4,Sin riesgo,30780.0,272.39,,99.8,25.38,1.0,100.0,98.0,1.0,24.0,38.0,100.0,,,,,,,,,,,
Sopo_Sur,2023-07-01,9.27,20.53,10.44,14.99,90.69,1.83,14.42,2023,7,1.07,Niño,597035354.8387097,1.4,Sin riesgo,30780.0,272.39,,99.8,25.38,1.0,100.0,98.0,1.0,24.0,38.0,100.0,,,,,,,,,,,
Sopo_Sur,2023-08-01,7.02,21.11,9.08,15.13,87.26,1.51,17.06,2023,8,1.39,Niño,619585580.6451613,1.4,Sin riesgo,30780.0,272.39,,99.8,25.38,1.0,100.0,98.0,1.0,24.0,38.0,100.0,,,,,,,,,,,
Sopo_Sur,2023-09-01,7.46,22.54,10.8,15.93,86.47,1.44,17.62,2023,9,1.64,Niño,614449366.6666666,1.4,Sin riesgo,30780.0,272.39,,99.8,25.38,1.0,100.0,98.0,1.0,24.0,38.0,100.0,,,,,,,,,,,
Sopo_Sur,2023-10-01,9.19,22.53,10.15,16.11,86.21,0.95,17.22,2023,10,1.77,Niño,599453806.451613,1.4,Sin riesgo,30780.0,272.39,,99.8,25.38,1.0,100.0,98.0,1.0,24.0,38.0,100.0,,,,,,,,,,,
Sopo_Sur,2023-11-01,8.01,21.97,11.27,16.06,89.21,1.17,15.92,2023,11,2.08,Niño,594481666.6666666,1.4,Sin riesgo,30780.0,272.39,,99.8,25.38,1.0,100.0,98.0,1.0,24.0,38.0,100.0,,,,,,,,,,,
Sopo_Sur,2023-12-01,7.57,21.66,10.84,16.32,90.89,1.12,15.35,2023,12,2.13,Niño,580021806.451613,1.4,Sin riesgo,30780.0,272.39,,99.8,25.38,1.0,100.0,98.0,1.0,24.0,38.0,100.0,,,,,,,,,,,
Sopo_Sur,2024-01-01,0.22,23.63,9.58,15.96,84.17,1.44,20.68,2024,1,1.98,Niño,554029645.1612903,3.6,Sin riesgo,31775.0,281.19,88.7,99.84,98.77,1.0,100.0,98.0,1.0,24.0,68.92,100.0,,,,,,,,,,,
Sopo_Sur,2024-02-01,2.26,24.63,11.78,17.08,84.49,1.32,15.84,2024,2,1.67,Niño,525531655.1724138,3.6,Sin riesgo,31775.0,281.19,88.7,99.84,98.77,1.0,100.0,98.0,1.0,24.0,68.92,100.0,,,,,,,,,,,
Sopo_Sur,2024-03-01,3.67,23.75,11.01,17.45,85.44,1.31,14.31,2024,3,1.22,Niño,500117677.4193549,3.6,Sin riesgo,31775.0,281.19,88.7,99.84,98.77,1.0,100.0,98.0,1.0,24.0,68.92,100.0,,,,,,,,,,,
Sopo_Sur,2024-04-01,7.46,22.59,10.98,16.77,86.73,1.34,16.25,2024,4,0.89,Niño,474841700.0,3.6,Sin riesgo,31775.0,281.19,88.7,99.84,98.77,1.0,100.0,98.0,1.0,24.0,68.92,100.0,,,,,,,,,,,
Sopo_Sur,2024-05-01,16.96,22.33,12.23,16.39,90.81,1.39,14.23,2024,5,0.34,Neutral,467863193.5483871,3.6,Sin riesgo,31775.0,281.19,88.7,99.84,98.77,1.0,100.0,98.0,1.0,24.0,68.92,100.0,,,,,,,,,,,
Sopo_Sur,2024-06-01,9.98,20.46,10.39,15.44,90.88,1.45,15.43,2024,6,0.23,Neutral,486531533.3333333,3.6,Sin riesgo,31775.0,281.19,88.7,99.84,98.77,1.0,100.0,98.0,1.0,24.0,68.92,100.0,,,,,,,,,,,
Sopo_Sur,2024-07-01,6.16,20.51,9.17,14.97,90.85,1.69,13.45,2024,7,0.09,Neutral,499495096.7741935,3.6,Sin riesgo,31775.0,281.19,88.7,99.84,98.77,1.0,100.0,98.0,1.0,24.0,68.92,100.0,,,,,,,,,,,
Sopo_Sur,2024-08-01,3.46,21.18,9.54,15.19,86.94,1.54,16.16,2024,8,-0.07,Neutral,504866451.6129032,3.6,Sin riesgo,31775.0,281.19,88.7,99.84,98.77,1.0,100.0,98.0,1.0,24.0,68.92,100.0,,,,,,,,,,,
Sopo_Sur,2024-09-01,3.16,22.4,10.92,16.11,84.21,1.51,16.78,2024,9,-0.22,Neutral,486848766.6666667,3.6,Sin riesgo,31775.0,281.19,88.7,99.84,98.77,1.0,100.0,98.0,1.0,24.0,68.92,100.0,,,,,,,,,,,
Sopo_Sur,2024-10-01,8.42,22.83,10.49,16.23,86.6,1.25,18.41,2024,10,-0.22,Neutral,470190161.2903226,3.6,Sin riesgo,31775.0,281.19,88.7,99.84,98.77,1.0,100.0,98.0,1.0,24.0,68.92,100.0,,,,,,,,,,,
Sopo_Sur,2024-11-01,8.59,21.9,9.72,16.09,89.95,0.92,14.97,2024,11,-0.19,Neutral,481637366.6666667,3.6,Sin riesgo,31775.0,281.19,88.7,99.84,98.77,1.0,100.0,98.0,1.0,24.0,68.92,100.0,,,,,,,,,,,
Sopo_Sur,2024-12-01,6.79,21.92,10.66,16.15,90.07,1.12,15.63,2024,12,-0.49,Neutral,492346387.0967742,3.6,Sin riesgo,31775.0,281.19,88.7,99.84,98.77,1.0,100.0,98.0,1.0,24.0,68.92,100.0,,,,,,,,,,,
Sopo_Sur,2025-01-01,3.78,21.53,9.19,15.12,87.56,1.37,17.08,2025,1,-0.56,Niña,478472875.0,,,,,,,,,,,,,,,,,,,,,,,,,
Sopo_Sur,2025-02-01,2.74,22.1,11.95,16.16,86.99,1.29,14.39,2025,2,-0.28,Neutral,,,,,,,,,,,,,,,,,,,,,,,,,,
Sopo_Sur,2025-03-01,8.34,22.09,10.54,16.23,89.42,1.2,14.04,2025,3,0.11,Neutral,,,,,,,,,,,,,,,,,,,,,,,,,,
Sopo_Sur,2025-04-01,17.6,20.95,10.37,16.02,90.95,1.23,15.21,2025,4,-0.02,Neutral,,,,,,,,,,,,,,,,,,,,,,,,,,
Sopo_Sur,2025-05-01,14.69,20.03,11.01,15.27,92.16,1.51,14.8,2025,5,-0.02,Neutral,,,,,,,,,,,,,,,,,,,,,,,,,,
Sopo_Sur,2025-06-01,15.78,20.22,9.02,14.78,91.95,1.64,13.97,2025,6,-0.01,Neutral,,,,,,,,,,,,,,,,,,,,,,,,,,
Sopo_Sur,2025-07-01,7.3,19.46,10.05,14.36,91.46,1.81,13.59,2025,7,-0.1,Neutral,,,,,,,,,,,,,,,,,,,,,,,,,,
Sopo_Sur,2025-08-01,9.65,19.76,9.79,14.78,91.08,1.7,15.45,2025,8,-0.32,Neutral,,,,,,,,,,,,,,,,,,,,,,,,,,
Sopo_Sur,2025-09-01,6.33,20.93,10.59,15.11,90.03,1.61,16.06,2025,9,-0.43,Neutral,,,,,,,,,,,,,,,,,,,,,,,,,,
Sopo_Sur,2025-10-01,7.1,20.61,10.35,15.35,90.75,1.28,15.53,2025,10,-0.45,Neutral,,,,,,,,,,,,,,,,,,,,,,,,,,
Sopo_Sur,2025-11-01,4.84,20.89,11.33,15.56,90.55,1.22,15.03,2025,11,-0.64,Niña,,,,,,,,,,,,,,,,,,,,,,,,,,
Sopo_Sur,2025-12-01,1.83,21.38,9.56,15.75,88.96,1.02,16.57,2025,12,-0.57,Niña,,,,,,,,,,,,,,,,,,,,,,,,,,
Tocancipa_Media,2015-01-01,3.3,24.62,11.63,18.03,83.61,1.04,19.42,2015,1,0.68,Niño,,0.4,Sin riesgo,,,,,,,,,,,,,,,,,,,,,,,
Tocancipa_Media,2015-02-01,1.55,26.56,14.52,18.87,81.71,0.97,19.75,2015,2,0.57,Niño,,0.4,Sin riesgo,,,,,,,,,,,,,,,,,,,,,,,
Tocancipa_Media,2015-03-01,5.5,26.86,14.89,19.28,80.68,1.01,18.97,2015,3,0.57,Niño,,0.4,Sin riesgo,,,,,,,,,,,,,,,,,,,,,,,
Tocancipa_Media,2015-04-01,9.01,23.7,14.86,18.68,88.67,1.05,16.33,2015,4,0.82,Niño,,0.4,Sin riesgo,,,,,,,,,,,,,,,,,,,,,,,
Tocancipa_Media,2015-05-01,6.65,23.99,14.64,18.41,89.15,0.92,16.86,2015,5,1.03,Niño,,0.4,Sin riesgo,,,,,,,,,,,,,,,,,,,,,,,
Tocancipa_Media,2015-06-01,9.4,22.97,13.31,17.39,90.41,0.87,14.67,2015,6,1.23,Niño,,0.4,Sin riesgo,,,,,,,,,,,,,,74.19,8.0,30.0,,,4.8,17.0,17.2,15.0,6.74
Tocancipa_Media,2015-07-01,8.81,22.62,12.04,17.55,88.5,0.86,16.56,2015,7,1.5,Niño,,0.4,Sin riesgo,,,,,,,,,,,,,,,,,,,,,,,
Tocancipa_Media,2015-08-01,5.34,22.97,13.97,18.08,88.08,0.86,15.66,2015,8,1.97,Niño,,0.4,Sin riesgo,,,,,,,,,,,,,,48.88,4.0,17.0,0.45,,5.7,140.0,16.4,62.0,6.69
Tocancipa_Media,2015-09-01,4.33,24.09,13.15,18.58,84.38,0.86,20.38,2015,9,2.24,Niño,,0.4,Sin riesgo,,,,,,,,,,,,,,,,,,,,,,,
Tocancipa_Media,2015-10-01,6.16,24.54,13.64,18.84,84.24,0.82,18.76,2015,10,2.41,Niño,,0.4,Sin riesgo,,,,,,,,,,,,,,62.19,2.0,,0.2,,6.8,45.0,18.1,22.0,6.92
Tocancipa_Media,2015-11-01,8.98,23.63,13.71,18.47,89.68,0.86,17.28,2015,11,2.77,Niño,,0.4,Sin riesgo,,,,,,,,,,,,,,,,,,,,,,,
Tocancipa_Media,2015-12-01,2.26,23.65,13.22,18.32,85.51,0.9,18.34,2015,12,2.76,Niño,,0.4,Sin riesgo,,,,,,,,,,,,,,,,,,,,,,,
Tocancipa_Media,2016-01-01,0.26,27.34,13.82,19.87,73.76,0.87,22.33,2016,1,2.73,Niño,,0.0,Sin riesgo,,,,,,,,,,,,,,,,,,,,,,,
Tocancipa_Media,2016-02-01,1.55,28.22,14.07,20.69,72.33,1.0,18.94,2016,2,2.39,Niño,,0.0,Sin riesgo,,,,,,,,,,,,,,,,,,,,,,,
Tocancipa_Media,2016-03-01,4.96,28.6,16.67,20.99,77.44,1.04,17.43,2016,3,1.71,Niño,,0.0,Sin riesgo,,,,,,,,,,,,,,,,,,,,,,,
Tocancipa_Media,2016-04-01,13.29,25.73,15.04,19.32,88.68,0.88,15.98,2016,4,1.02,Niño,,0.0,Sin riesgo,,,,,,,,,,,,,,64.56,,13.0,0.13,,4.5,27.0,18.9,25.0,6.75
Tocancipa_Media,2016-05-01,10.23,23.12,14.81,18.55,89.75,0.84,15.62,2016,5,0.41,Neutral,,0.0,Sin riesgo,,,,,,,,,,,,,,,,,,,,,,,
Tocancipa_Media,2016-06-01,6.97,22.9,12.88,17.5,89.12,0.82,15.88,2016,6,0.03,Neutral,,0.0,Sin riesgo,,,,,,,,,,,,,,,,,,,,,,,
Tocancipa_Media,2016-07-01,7.19,22.0,13.4,17.34,88.91,0.82,14.79,2016,7,-0.43,Neutral,,0.0,Sin riesgo,,,,,,,,,,,,,,68.94,,24.0,0.24,,5.6,65.0,16.8,50.0,6.73
Tocancipa_Media,2016-08-01,11.31,23.19,13.02,17.76,86.87,0.82,18.29,2016,8,-0.53,Niña,,0.0,Sin riesgo,,,,,,,,,,,,,,,,,,,,,,,
Tocancipa_Media,2016-09-01,8.01,23.75,12.67,18.1,86.99,0.83,19.56,2016,9,-0.53,Niña,,0.0,Sin riesgo,,,,,,,,,,,,,,,,,,,,,,,
Tocancipa_Media,2016-10-01,8.32,23.98,14.34,18.7,88.26,0.82,18.32,2016,10,-0.69,Niña,,0.0,Sin riesgo,,,,,,,,,,,,,,80.05,5.3,23.0,0.26,,5.4,55.0,17.3,49.0,6.81
Tocancipa_Media,2016-11-01,11.55,23.93,13.67,18.57,89.84,0.81,17.08,2016,11,-0.7,Niña,,0.0,Sin riesgo,,,,,,,,,,,,,,,,,,,,,,,
Tocancipa_Media,2016-12-01,5.53,22.94,13.32,18.04,89.9,0.9,18.8,2016,12,-0.4,Neutral,,0.0,Sin riesgo,,,,,,,,,,,,,,,,,,,,,,,
Tocancipa_Media,2017-01-01,1.29,23.3,12.61,17.92,87.21,0.9,18.43,2017,1,-0.26,Neutral,,0.2,Sin riesgo,,,,,,,,,,,,,,,,,,,,,,,
Tocancipa_Media,2017-02-01,1.86,25.31,13.2,18.96,78.52,0.98,20.99,2017,2,0.07,Neutral,,0.2,Sin riesgo,,,,,,,,,,,,,,,,,,,,,,,
Tocancipa_Media,2017-03-01,9.23,24.63,14.11,18.75,85.8,1.04,17.43,2017,3,0.13,Neutral,,0.2,Sin riesgo,,,,,,,,,,,,,,,,,,,,,,,
Tocancipa_Media,2017-04-01,6.34,25.04,14.43,18.85,86.76,0.94,18.36,2017,4,0.33,Neutral,,0.2,Sin riesgo,,,,,,,,,,,,,,79.12,3.0,27.0,0.25,,4.9,40.0,18.0,36.0,6.76
Tocancipa_Media,2017-05-01,14.89,23.32,13.23,18.45,89.59,0.87,17.45,2017,5,0.47,Neutral,,0.2,Sin riesgo,,,,,,,,,,,,,,,,,,,,,,,
Tocancipa_Media,2017-06-01,11.39,22.84,13.03,17.83,90.13,0.82,15.79,2017,6,0.39,Neutral,,0.2,Sin riesgo,,,,,,,,,,,,,,,,,,,,,,,
Tocancipa_Media,2017-07-01,6.78,22.11,12.84,17.31,89.99,0.85,14.07,2017,7,0.29,Neutral,,0.2,Sin riesgo,,,,,,,,,,,,,,,,,,,,,,,
Tocancipa_Media,2017-08-01,8.14,22.92,12.88,18.09,88.18,0.84,18.12,2017,8,-0.11,Neutral,,0.2,Sin riesgo,,,,,,,,,,,,,,,,,,,,,,,
Tocancipa_Media,2017-09-01,6.51,23.99,13.77,18.2,87.35,0.84,18.78,2017,9,-0.39,Neutral,,0.2,Sin riesgo,,,,,,,,,,,,,,88.3,6.0,40.0,0.19,,5.2,41.0,17.6,33.0,6.5
Tocancipa_Media,2017-10-01,11.22,24.47,13.59,18.18,87.86,0.77,18.37,2017,10,-0.51,Niña,,0.2,Sin riesgo,,,,,,,,,,,,,,,,,,,,,,,
Tocancipa_Media,2017-11-01,10.79,23.27,14.95,18.6,90.8,0.85,19.16,2017,11,-0.9,Niña,,0.2,Sin riesgo,,,,,,,,,,,,,,,,,,,,,,,
Tocancipa_Media,2017-12-01,1.93,23.4,12.46,18.33,87.2,0.91,20.22,2017,12,-0.88,Niña,,0.2,Sin riesgo,,,,,,,,,,,,,,,,,,,,,,,
Tocancipa_Media,2018-01-01,2.31,24.51,14.06,18.1,85.36,0.95,19.34,2018,1,-0.81,Niña,,1.9,Sin riesgo,,,,,,,,,,,,,,,,,,,,,,,
Tocancipa_Media,2018-02-01,0.35,25.8,13.46,19.09,74.61,0.93,21.22,2018,2,-0.63,Niña,,1.9,Sin riesgo,,,,,,,,,,,,,,,,,,,,,,,
Tocancipa_Media,2018-03-01,4.21,26.24,14.77,19.49,78.26,0.98,17.9,2018,3,-0.7,Niña,,1.9,Sin riesgo,,,,,,,,,,,,,2.3966666666666665,,,,,,,,,,
Tocancipa_Media,2018-04-01,11.66,23.33,14.59,18.23,89.62,0.97,13.95,2018,4,-0.39,Neutral,,1.9,Sin riesgo,,,,,,,,,,,,,2.24,114.0,11.0,72.0,0.39,,3.3,26.0,17.3,36.0,6.71
Tocancipa_Media,2018-05-01,12.94,22.49,13.99,18.0,91.03,0.94,15.95,2018,5,-0.09,Neutral,,1.9,Sin riesgo,,,,,,,,,,,,,2.1816666666666666,,,,,,,,,,
Tocancipa_Media,2018-06-01,11.14,22.02,13.04,17.25,90.66,0.84,13.71,2018,6,0.1,Neutral,,1.9,Sin riesgo,,,,,,,,,,,,,2.6174999999999997,,,,,,,,,,
Tocancipa_Media,2018-07-01,10.4,22.2,12.83,17.31,90.32,0.84,14.48,2018,7,0.17,Neutral,,1.9,Sin riesgo,,,,,,,,,,,,,2.473333333333333,,,,,,,,,,
Tocancipa_Media,2018-08-01,9.73,22.49,12.21,17.19,87.06,0.82,17.59,2018,8,0.14,Neutral,,1.9,Sin riesgo,,,,,,,,,,,,,2.4749999999999996,71.5,5.0,30.0,0.31,,4.7,93.0,19.5,110.0,6.77
Tocancipa_Media,2018-09-01,6.17,23.16,12.76,17.83,85.94,0.81,18.55,2018,9,0.51,Niño,,1.9,Sin riesgo,,,,,,,,,,,,,2.145,,,,,,,,,,
Tocancipa_Media,2018-10-01,9.43,24.31,13.21,18.28,88.11,0.83,18.96,2018,10,0.95,Niño,,1.9,Sin riesgo,,,,,,,,,,,,,2.145,,,,,,,,,,
Tocancipa_Media,2018-11-01,6.3,24.08,14.18,18.67,90.44,0.84,18.11,2018,11,0.96,Niño,,1.9,Sin riesgo,,,,,,,,,,,,,1.95,,,,,,,,,,
Tocancipa_Media,2018-12-01,1.13,23.25,13.26,17.96,85.13,0.95,21.07,2018,12,0.99,Niño,,1.9,Sin riesgo,,,,,,,,,,,,,1.9240000000000002,,,,,,,,,,
Tocancipa_Media,2019-01-01,0.8,25.24,13.9,19.05,78.76,0.96,18.93,2019,1,0.82,Niño,375310870.9677419,2.6,Sin riesgo,,,,,,,,,,,,,2.15,,,,,,,,,,
Tocancipa_Media,2019-02-01,1.28,26.78,14.83,20.05,73.31,1.0,21.49,2019,2,0.86,Niño,349228892.8571429,2.6,Sin riesgo,,,,,,,,,,,,,2.2525,,,,,,,,,,
Tocancipa_Media,2019-03-01,7.29,25.13,15.12,19.38,82.87,0.96,14.89,2019,3,0.91,Niño,322214612.9032258,2.6,Sin riesgo,,,,,,,,,,,,,2.28,,,,,,,,,,
Tocancipa_Media,2019-04-01,10.14,24.3,15.08,18.96,88.13,0.93,16.12,2019,4,0.74,Niño,308249466.6666667,2.6,Sin riesgo,,,,,,,,,,,,,,,,,,,,,,,
Tocancipa_Media,2019-05-01,14.51,23.93,15.04,18.56,89.83,0.91,16.1,2019,5,0.66,Niño,307606161.2903226,2.6,Sin riesgo,,,,,,,,,,,,,,81.1,3.0,36.0,0.18,1.6,2.9,10.0,17.6,15.0,6.72
Tocancipa_Media,2019-06-01,10.75,22.96,13.2,17.82,91.1,0.91,14.52,2019,6,0.51,Niño,321782800.0,2.6,Sin riesgo,,,,,,,,,,,,,2.4625,,,,,,,,,,
Tocancipa_Media,2019-07-01,10.19,22.19,13.7,17.49,89.35,0.88,15.84,2019,7,0.4,Neutral,366243806.4516129,2.6,Sin riesgo,,,,,,,,,,,,,2.4699999999999998,,,,,,,,,,
Tocancipa_Media,2019-08-01,7.91,22.92,13.25,17.56,88.05,0.87,16.02,2019,8,0.09,Neutral,390054870.9677419,2.6,Sin riesgo,,,,,,,,,,,,,2.427,,,,,,,,,,
Tocancipa_Media,2019-09-01,7.68,23.48,12.99,18.24,85.28,0.85,19.02,2019,9,0.07,Neutral,399258666.6666667,2.6,Sin riesgo,,,,,,,,,,,,,,131.0,5.0,10.0,0.2,,3.9,49.0,16.7,27.7,6.6
Tocancipa_Media,2019-10-01,9.67,23.77,13.13,18.13,87.38,0.89,17.58,2019,10,0.53,Niño,392567870.9677419,2.6,Sin riesgo,,,,,,,,,,,,,,,,,,,,,,,
Tocancipa_Media,2019-11-01,10.26,23.39,15.25,18.77,91.41,0.86,17.94,2019,11,0.58,Niño,385040666.6666667,2.6,Sin riesgo,,,,,,,,,,,,,,,,,,,,,,,
Tocancipa_Media,2019-12-01,2.82,23.39,15.12,18.72,90.09,0.92,18.3,2019,12,0.63,Niño,381478322.5806451,2.6,Sin riesgo,,,,,,,,,,,,,,,,,,,,,,,
Tocancipa_Media,2020-01-01,1.1,25.32,12.2,18.92,81.05,0.96,20.15,2020,1,0.78,Niño,365105645.1612903,1.3,Sin riesgo,,,,,,,,,,,,,,,,,,,,,,,
Tocancipa_Media,2020-02-01,2.53,26.35,13.31,19.75,74.82,1.0,21.61,2020,2,0.52,Niño,341265620.6896552,1.3,Sin riesgo,,,,,,,,,,,,,,,,,,,,,,,
Tocancipa_Media,2020-03-01,5.07,26.94,13.44,19.69,77.7,0.98,19.19,2020,3,0.58,Niño,318710096.7741935,1.3,Sin riesgo,,,,,,,,,,,,,,,,,,,,,,,
Tocancipa_Media,2020-04-01,8.17,25.25,13.92,19.23,86.58,0.99,17.11,2020,4,0.48,Neutral,300844166.6666667,1.3,Sin riesgo,,,,,,,,,,,,,,,,,,,,,,,
Tocancipa_Media,2020-05-01,9.3,23.85,14.2,18.8,89.93,0.89,15.79,2020,5,-0.16,Neutral,290141870.9677419,1.3,Sin riesgo,,,,,,,,,,,,,,,,,,,,,,,
Tocancipa_Media,2020-06-01,14.23,22.57,12.64,17.88,89.33,0.96,17.15,2020,6,-0.28,Neutral,294335733.3333333,1.3,Sin riesgo,,,,,,,,,,,,,,,,,,,,,,,
Tocancipa_Media,2020-07-01,10.7,22.37,12.9,17.61,88.92,0.88,15.9,2020,7,-0.25,Neutral,323125516.1290323,1.3,Sin riesgo,,,,,,,,,,,,,,,,,,,,,,,
Tocancipa_Media,2020-08-01,5.72,23.08,12.77,18.14,88.08,0.86,15.64,2020,8,-0.54,Niña,336433612.9032258,1.3,Sin riesgo,,,,,,,,,,,,,,,,,,,,,,,
Tocancipa_Media,2020-09-01,6.83,24.22,12.92,18.39,86.05,0.84,18.87,2020,9,-0.79,Niña,328335333.3333333,1.3,Sin riesgo,,,,,,,,,,,,,,,,,,,,,,,
Tocancipa_Media,2020-10-01,1.39,26.34,12.93,18.65,81.31,0.8,19.06,2020,10,-1.2,Niña,314703548.3870968,1.3,Sin riesgo,,,,,,,,,,,,,,,,,,,,,,,
Tocancipa_Media,2020-11-01,0.99,26.04,15.2,19.57,81.98,0.81,16.41,2020,11,-1.36,Niña,321075166.6666667,1.3,Sin riesgo,,,,,,,,,,,,,,,,,,,,,,,
Tocancipa_Media,2020-12-01,2.51,26.45,14.45,19.78,79.0,0.91,19.31,2020,12,-1.05,Niña,333583677.4193549,1.3,Sin riesgo,,,,,,,,,,,,,,,,,,,,,,,
Tocancipa_Media,2021-01-01,3.09,25.94,13.03,18.63,80.22,0.91,19.73,2021,1,-0.82,Niña,318859483.8709677,1.5,Sin riesgo,44170.0,613.47,,100.0,100.0,100.0,100.0,83.96,55.88,,,,,,,,,,,,,,
Tocancipa_Media,2021-02-01,4.21,25.95,14.19,19.34,80.46,0.9,19.54,2021,2,-0.85,Niña,300381750.0,1.5,Sin riesgo,44170.0,613.47,,100.0,100.0,100.0,100.0,83.96,55.88,,,,,,,,,,,,,,
Tocancipa_Media,2021-03-01,3.76,25.12,13.84,18.67,82.81,1.01,16.34,2021,3,-0.69,Niña,294729838.7096774,1.5,Sin riesgo,44170.0,613.47,,100.0,100.0,100.0,100.0,83.96,55.88,,,,,135.0,7.43,28.0,0.33,1.57,3.1,37.0,18.3,27.0,6.73
Tocancipa_Media,2021-04-01,5.32,24.54,13.73,18.85,86.49,1.08,18.03,2021,4,-0.6,Niña,296661366.6666667,1.5,Sin riesgo,44170.0,613.47,,100.0,100.0,100.0,100.0,83.96,55.88,,,,,,,,,,,,,,
Tocancipa_Media,2021-05-01,0.0,25.51,14.26,19.11,82.93,1.05,15.63,2021,5,-0.35,Neutral,321908612.9032258,1.5,Sin riesgo,44170.0,613.47,,100.0,100.0,100.0,100.0,83.96,55.88,,,,,,,,,,,,,,
Tocancipa_Media,2021-06-01,1.58,25.79,13.14,19.04,78.6,1.12,16.37,2021,6,-0.22,Neutral,359512233.3333333,1.5,Sin riesgo,44170.0,613.47,,100.0,100.0,100.0,100.0,83.96,55.88,,,,,121.0,26.0,44.0,0.57,2.13,3.75,79.0,17.3,90.0,6.9
Tocancipa_Media,2021-07-01,0.29,26.42,13.04,19.03,77.08,1.24,14.49,2021,7,-0.34,Neutral,393645387.0967742,1.5,Sin riesgo,44170.0,613.47,,100.0,100.0,100.0,100.0,83.96,55.88,,,,,,,,,,,,,,
Tocancipa_Media,2021-08-01,0.16,28.17,13.98,19.96,71.29,1.26,16.62,2021,8,-0.48,Neutral,434575580.6451613,1.5,Sin riesgo,44170.0,613.47,,100.0,100.0,100.0,100.0,83.96,55.88,,,,,,,,,,,,,,
Tocancipa_Media,2021-09-01,1.68,27.32,13.59,19.95,71.52,1.22,18.29,2021,9,-0.52,Niña,456232800.0,1.5,Sin riesgo,44170.0,613.47,,100.0,100.0,100.0,100.0,83.96,55.88,,,,,,,,,,,,,,
Tocancipa_Media,2021-10-01,2.31,28.72,14.89,20.06,79.33,1.22,17.93,2021,10,-0.89,Niña,461579258.0645161,1.5,Sin riesgo,44170.0,613.47,,100.0,100.0,100.0,100.0,83.96,55.88,,,,,,,,,,,,,,
Tocancipa_Media,2021-11-01,1.79,27.39,15.43,19.88,77.52,1.14,20.8,2021,11,-0.89,Niña,481237600.0,1.5,Sin riesgo,44170.0,613.47,,100.0,100.0,100.0,100.0,83.96,55.88,,,,,,,,,,,,,,
Tocancipa_Media,2021-12-01,1.48,27.18,15.24,20.27,74.82,1.06,19.89,2021,12,-0.96,Niña,474543580.6451613,1.5,Sin riesgo,44170.0,613.47,,100.0,100.0,100.0,100.0,83.96,55.88,,,,,,,,,,,,,,
Tocancipa_Media,2022-01-01,1.26,28.56,14.67,20.23,65.84,1.04,19.75,2022,1,-0.77,Niña,453196074.1935484,0.9,Sin riesgo,45491.0,631.82,,100.0,100.0,1.0,100.0,60.54,55.88,,,,,,,,,,,,,,
Tocancipa_Media,2022-02-01,4.14,28.12,15.13,19.66,73.44,1.07,17.28,2022,2,-0.74,Niña,432436285.7142857,0.9,Sin riesgo,45491.0,631.82,,100.0,100.0,1.0,100.0,60.54,55.88,,,,,,,,,,,,,,
Tocancipa_Media,2022-03-01,7.13,25.13,15.07,18.78,86.51,1.05,17.21,2022,3,-0.87,Niña,419985419.3548387,0.9,Sin riesgo,45491.0,631.82,,100.0,100.0,1.0,100.0,60.54,55.88,,,,,,,,,,,,,,
Tocancipa_Media,2022-04-01,11.91,23.74,14.6,18.54,87.6,0.97,16.72,2022,4,-0.99,Niña,408355533.3333333,0.9,Sin riesgo,45491.0,631.82,,100.0,100.0,1.0,100.0,60.54,55.88,,,,,,,,,,,,,,
Tocancipa_Media,2022-05-01,18.32,23.17,13.86,18.17,90.43,0.92,15.63,2022,5,-1.0,Niña,454864354.8387097,0.9,Sin riesgo,45491.0,631.82,,100.0,100.0,1.0,100.0,60.54,55.88,,,,,,,,,,,,,,
Tocancipa_Media,2022-06-01,10.63,22.36,12.83,17.58,90.58,0.92,14.2,2022,6,-0.69,Niña,498158200.0,0.9,Sin riesgo,45491.0,631.82,,100.0,100.0,1.0,100.0,60.54,55.88,,,,,,,,,,,,,,
Tocancipa_Media,2022-07-01,13.35,22.1,13.47,17.65,89.53,0.89,16.35,2022,7,-0.65,Niña,532957096.7741935,0.9,Sin riesgo,45491.0,631.82,,100.0,100.0,1.0,100.0,60.54,55.88,,,,,,,,,,,,,,
Tocancipa_Media,2022-08-01,9.64,22.95,12.74,17.47,87.75,0.88,17.88,2022,8,-0.93,Niña,550557806.451613,0.9,Sin riesgo,45491.0,631.82,,100.0,100.0,1.0,100.0,60.54,55.88,,,,,,,,,,,,,,
Tocancipa_Media,2022-09-01,7.76,23.84,13.05,18.29,86.78,0.87,17.49,2022,9,-1.03,Niña,549053833.3333334,0.9,Sin riesgo,45491.0,631.82,,100.0,100.0,1.0,100.0,60.54,55.88,,,,,,,,,,,,,,
Tocancipa_Media,2022-10-01,9.27,23.97,12.74,18.41,88.45,0.91,18.5,2022,10,-0.94,Niña,545696451.6129032,0.9,Sin riesgo,45491.0,631.82,,100.0,100.0,1.0,100.0,60.54,55.88,,,,,,,,,,,,,,
Tocancipa_Media,2022-11-01,6.75,23.7,13.95,18.24,91.71,0.86,16.41,2022,11,-0.85,Niña,556572100.0,0.9,Sin riesgo,45491.0,631.82,,100.0,100.0,1.0,100.0,60.54,55.88,,,,,211.0,,47.0,0.67,2.87,1.8,34.0,17.7,,6.82
Tocancipa_Media,2022-12-01,3.67,23.29,11.63,17.85,87.09,0.93,20.71,2022,12,-0.75,Niña,564248741.9354838,0.9,Sin riesgo,45491.0,631.82,,100.0,100.0,1.0,100.0,60.54,55.88,,,,,,,,,,,,,,
Tocancipa_Media,2023-01-01,7.56,23.08,11.49,17.41,86.31,0.97,19.72,2023,1,-0.55,Niña,555273322.5806452,2.5,Sin riesgo,46918.0,651.64,,100.0,54.39,1.0,100.0,100.0,1.0,24.0,29.0,99.0,,,,,,,,,,,
Tocancipa_Media,2023-02-01,1.76,24.64,12.19,18.4,80.16,1.03,21.2,2023,2,-0.31,Neutral,540964821.4285715,2.5,Sin riesgo,46918.0,651.64,,100.0,54.39,1.0,100.0,100.0,1.0,24.0,29.0,99.0,,,,,,,,,,,
Tocancipa_Media,2023-03-01,5.22,24.54,14.78,18.62,84.51,0.98,16.71,2023,3,-0.01,Neutral,544803032.2580645,2.5,Sin riesgo,46918.0,651.64,,100.0,54.39,1.0,100.0,100.0,1.0,24.0,29.0,99.0,,,,,,,,,,,
Tocancipa_Media,2023-04-01,10.64,23.99,14.5,18.61,89.33,0.96,15.68,2023,4,0.25,Neutral,558005533.3333334,2.5,Sin riesgo,46918.0,651.64,,100.0,54.39,1.0,100.0,100.0,1.0,24.0,29.0,99.0,,,,,,,,,,,
Tocancipa_Media,2023-05-01,13.4,24.24,14.26,18.92,89.58,0.94,16.46,2023,5,0.57,Niño,563669580.6451613,2.5,Sin riesgo,46918.0,651.64,,100.0,54.39,1.0,100.0,100.0,1.0,24.0,29.0,99.0,,,,,,,,,,,
Tocancipa_Media,2023-06-01,11.57,22.71,12.67,17.84,89.33,0.87,16.01,2023,6,0.89,Niño,577965033.3333334,2.5,Sin riesgo,46918.0,651.64,,100.0,54.39,1.0,100.0,100.0,1.0,24.0,29.0,99.0,,,,,,,,,,,
Tocancipa_Media,2023-07-01,9.67,22.66,13.89,18.15,89.91,0.91,16.46,2023,7,1.07,Niño,597035354.8387097,2.5,Sin riesgo,46918.0,651.64,,100.0,54.39,1.0,100.0,100.0,1.0,24.0,29.0,99.0,,87.6,,48.0,0.43,1.78,3.6,76.0,16.4,120.0,6.59
Tocancipa_Media,2023-08-01,7.43,23.64,12.63,18.4,86.38,0.87,18.82,2023,8,1.39,Niño,619585580.6451613,2.5,Sin riesgo,46918.0,651.64,,100.0,54.39,1.0,100.0,100.0,1.0,24.0,29.0,99.0,,,,,,,,,,,
Tocancipa_Media,2023-09-01,7.61,25.17,14.18,19.12,86.19,0.9,19.82,2023,9,1.64,Niño,614449366.6666666,2.5,Sin riesgo,46918.0,651.64,,100.0,54.39,1.0,100.0,100.0,1.0,24.0,29.0,99.0,,,,,,,,,,,
Tocancipa_Media,2023-10-01,9.11,24.84,13.85,19.01,86.01,0.82,19.13,2023,10,1.77,Niño,599453806.451613,2.5,Sin riesgo,46918.0,651.64,,100.0,54.39,1.0,100.0,100.0,1.0,24.0,29.0,99.0,,132.0,3.0,12.0,0.19,2.18,4.1,17.0,17.4,10.0,6.82
Tocancipa_Media,2023-11-01,8.35,23.79,14.06,18.92,88.74,0.84,18.22,2023,11,2.08,Niño,594481666.6666666,2.5,Sin riesgo,46918.0,651.64,,100.0,54.39,1.0,100.0,100.0,1.0,24.0,29.0,99.0,,,,,,,,,,,
Tocancipa_Media,2023-12-01,7.39,23.9,14.81,19.2,90.75,0.92,17.39,2023,12,2.13,Niño,580021806.451613,2.5,Sin riesgo,46918.0,651.64,,100.0,54.39,1.0,100.0,100.0,1.0,24.0,29.0,99.0,,,,,,,,,,,
Tocancipa_Media,2024-01-01,0.22,26.78,13.99,19.32,78.54,0.98,22.29,2024,1,1.98,Niño,554029645.1612903,0.3,Sin riesgo,48318.0,671.08,68.8,100.0,100.0,1.0,100.0,100.0,1.0,24.0,1.694,99.0,,,,,,,,,,,
Tocancipa_Media,2024-02-01,2.42,28.02,15.45,20.33,79.62,0.96,18.83,2024,2,1.67,Niño,525531655.1724138,0.3,Sin riesgo,48318.0,671.08,68.8,100.0,100.0,1.0,100.0,100.0,1.0,24.0,1.694,99.0,,,,,,,,,,,
Tocancipa_Media,2024-03-01,4.11,26.98,15.76,20.72,81.31,0.99,17.48,2024,3,1.22,Niño,500117677.4193549,0.3,Sin riesgo,48318.0,671.08,68.8,100.0,100.0,1.0,100.0,100.0,1.0,24.0,1.694,99.0,,,,,,,,,,,
Tocancipa_Media,2024-04-01,7.31,26.09,15.53,19.85,83.72,1.03,17.51,2024,4,0.89,Niño,474841700.0,0.3,Sin riesgo,48318.0,671.08,68.8,100.0,100.0,1.0,100.0,100.0,1.0,24.0,1.694,99.0,,,,,,,,,,,
Tocancipa_Media,2024-05-01,16.85,25.17,15.21,19.31,90.35,0.95,15.53,2024,5,0.34,Neutral,467863193.5483871,0.3,Sin riesgo,48318.0,671.08,68.8,100.0,100.0,1.0,100.0,100.0,1.0,24.0,1.694,99.0,,,,,,,,,,,
Tocancipa_Media,2024-06-01,10.53,22.99,13.68,18.45,90.64,0.91,16.52,2024,6,0.23,Neutral,486531533.3333333,0.3,Sin riesgo,48318.0,671.08,68.8,100.0,100.0,1.0,100.0,100.0,1.0,24.0,1.694,99.0,,88.8,,38.0,0.3,1.55,2.3,43.0,13.4,45.0,5.52
Tocancipa_Media,2024-07-01,6.62,22.54,12.06,17.84,90.7,0.9,14.41,2024,7,0.09,Neutral,499495096.7741935,0.3,Sin riesgo,48318.0,671.08,68.8,100.0,100.0,1.0,100.0,100.0,1.0,24.0,1.694,99.0,,,,,,,,,,,
Tocancipa_Media,2024-08-01,3.84,23.87,13.08,18.46,86.46,0.9,17.55,2024,8,-0.07,Neutral,504866451.6129032,0.3,Sin riesgo,48318.0,671.08,68.8,100.0,100.0,1.0,100.0,100.0,1.0,24.0,1.694,99.0,,,,,,,,,,,
Tocancipa_Media,2024-09-01,3.45,25.6,13.17,19.26,82.15,0.88,18.65,2024,9,-0.22,Neutral,486848766.6666667,0.3,Sin riesgo,48318.0,671.08,68.8,100.0,100.0,1.0,100.0,100.0,1.0,24.0,1.694,99.0,,,,,,,,,,,
Tocancipa_Media,2024-10-01,8.71,25.47,14.08,19.37,85.9,0.93,20.43,2024,10,-0.22,Neutral,470190161.2903226,0.3,Sin riesgo,48318.0,671.08,68.8,100.0,100.0,1.0,100.0,100.0,1.0,24.0,1.694,99.0,,,,,,,,,,,
Tocancipa_Media,2024-11-01,8.62,24.23,14.16,19.02,89.78,0.9,17.86,2024,11,-0.19,Neutral,481637366.6666667,0.3,Sin riesgo,48318.0,671.08,68.8,100.0,100.0,1.0,100.0,100.0,1.0,24.0,1.694,99.0,,,,,,,,,,,
Tocancipa_Media,2024-12-01,6.42,24.27,14.96,19.03,88.6,0.94,18.53,2024,12,-0.49,Neutral,492346387.0967742,0.3,Sin riesgo,48318.0,671.08,68.8,100.0,100.0,1.0,100.0,100.0,1.0,24.0,1.694,99.0,,,,,,,,,,,
Tocancipa_Media,2025-01-01,3.54,24.39,12.66,18.31,83.56,0.99,18.88,2025,1,-0.56,Niña,478472875.0,,,,,,,,,,,,,,,,,,,,,,,,,
Tocancipa_Media,2025-02-01,2.74,24.95,15.05,19.22,82.52,1.03,18.94,2025,2,-0.28,Neutral,,,,,,,,,,,,,,,,,,,,,,,,,,
Tocancipa_Media,2025-03-01,7.99,24.35,15.09,19.04,87.21,1.04,17.47,2025,3,0.11,Neutral,,,,,,,,,,,,,,,,,,,,,,,,,,
Tocancipa_Media,2025-04-01,15.76,24.33,14.29,18.87,89.59,0.94,16.5,2025,4,-0.02,Neutral,,,,,,,,,,,,,,,,,,,,,,,,,,
Tocancipa_Media,2025-05-01,15.34,22.33,14.54,18.14,91.25,0.95,16.64,2025,5,-0.02,Neutral,,,,,,,,,,,,,,,,,,,,,,,,,,
Tocancipa_Media,2025-06-01,16.64,22.11,13.48,17.82,91.16,0.92,15.04,2025,6,-0.01,Neutral,,,,,,,,,,,,,,,,,,,,,,,,,,
Tocancipa_Media,2025-07-01,8.24,21.99,13.44,17.38,90.83,0.94,15.15,2025,7,-0.1,Neutral,,,,,,,,,,,,,,,,,,,,,,,,,,
Tocancipa_Media,2025-08-01,9.68,22.61,13.59,17.76,89.98,0.95,17.31,2025,8,-0.32,Neutral,,,,,,,,,,,,,,,,,,,,,,,,,,
Tocancipa_Media,2025-09-01,5.93,23.8,13.45,18.27,88.55,0.91,18.51,2025,9,-0.43,Neutral,,,,,,,,,,,,,,,,,,,,,,,,,,
Tocancipa_Media,2025-10-01,8.38,23.2,13.79,18.29,89.81,0.92,17.67,2025,10,-0.45,Neutral,,,,,,,,,,,,,,,,,,,,,,,,,,
Tocancipa_Media,2025-11-01,5.0,23.25,15.03,18.48,90.11,0.92,16.61,2025,11,-0.64,Niña,,,,,,,,,,,,,,,,,,,,,,,,,,
Tocancipa_Media,2025-12-01,2.01,23.65,13.42,18.45,88.17,0.88,19.42,2025,12,-0.57,Niña,,,,,,,,,,,,,,,,,,,,,,,,,,
Villapinzon_Alta,2015-01-01,2.72,19.74,4.13,13.02,86.48,1.24,18.08,2015,1,0.68,Niño,,0.3,Sin riesgo,,,,,,,,,,,,,0.3466666666666667,,,,,,,,,,
Villapinzon_Alta,2015-02-01,1.58,21.32,8.53,13.78,86.09,1.0,17.02,2015,2,0.57,Niño,,0.3,Sin riesgo,,,,,,,,,,,,,0.36,,,,,,,,,,
Villapinzon_Alta,2015-03-01,5.16,20.78,9.33,14.15,85.61,1.01,16.49,2015,3,0.57,Niño,,0.3,Sin riesgo,,,,,,,,,,,,,0.35571428571428576,,,,,,,,,,
Villapinzon_Alta,2015-04-01,7.57,19.58,9.19,13.98,88.02,1.14,14.99,2015,4,0.82,Niño,,0.3,Sin riesgo,,,,,,,,,,,,,0.406,,,,,,,,,,
Villapinzon_Alta,2015-05-01,4.77,20.49,7.86,13.76,87.61,1.17,15.8,2015,5,1.03,Niño,,0.3,Sin riesgo,,,,,,,,,,,,,0.44,,,,,,,,,,
Villapinzon_Alta,2015-06-01,6.23,18.44,7.6,12.64,88.49,1.69,14.63,2015,6,1.23,Niño,,0.3,Sin riesgo,,,,,,,,,,,,,1.16,76.86,7.0,26.5,0.19,,6.550000000000001,10.85,15.2,9.35,7.52
Villapinzon_Alta,2015-07-01,6.16,19.41,6.3,12.74,87.05,1.52,15.47,2015,7,1.5,Niño,,0.3,Sin riesgo,,,,,,,,,,,,,0.79375,,,,,,,,,,
Villapinzon_Alta,2015-08-01,3.9,19.44,8.41,13.26,86.86,1.53,14.37,2015,8,1.97,Niño,,0.3,Sin riesgo,,,,,,,,,,,,,0.9816666666666666,46.730000000000004,6.0,14.5,0.11599999999999999,,6.85,10.0,14.85,9.7,6.84
Villapinzon_Alta,2015-09-01,3.27,19.26,6.01,13.48,84.12,1.39,17.29,2015,9,2.24,Niño,,0.3,Sin riesgo,,,,,,,,,,,,,0.45142857142857146,,,,,,,,,,
Villapinzon_Alta,2015-10-01,4.87,20.71,8.06,13.81,85.36,1.03,16.08,2015,10,2.41,Niño,,0.3,Sin riesgo,,,,,,,,,,,,,0.3,193.4,39.0,52.0,0.22999999999999998,,5.6,23.0,14.95,5.75,7.89
Villapinzon_Alta,2015-11-01,7.38,19.39,8.49,13.87,88.54,0.78,15.34,2015,11,2.77,Niño,,0.3,Sin riesgo,,,,,,,,,,,,,0.316,,,,,,,,,,
Villapinzon_Alta,2015-12-01,1.56,19.49,7.18,13.4,85.78,1.48,16.73,2015,12,2.76,Niño,,0.3,Sin riesgo,,,,,,,,,,,,,0.3175,,,,,,,,,,
Villapinzon_Alta,2016-01-01,0.3,22.03,7.6,14.5,82.23,0.71,20.69,2016,1,2.73,Niño,,2.8,Sin riesgo,,,,,,,,,,,,,0.235,,,,,,,,,,
Villapinzon_Alta,2016-02-01,1.33,22.41,8.24,15.05,82.05,1.13,17.04,2016,2,2.39,Niño,,2.8,Sin riesgo,,,,,,,,,,,,,0.233,,,,,,,,,,
Villapinzon_Alta,2016-03-01,4.23,22.69,9.89,15.73,83.3,0.93,17.33,2016,3,1.71,Niño,,2.8,Sin riesgo,,,,,,,,,,,,,0.22,,,,,,,,,,
Villapinzon_Alta,2016-04-01,11.0,21.29,9.7,14.91,87.45,0.69,14.28,2016,4,1.02,Niño,,2.8,Sin riesgo,,,,,,,,,,,,,0.31666666666666665,170.455,,88.0,0.37,,4.3,18.0,17.85,9.35,8.1
Villapinzon_Alta,2016-05-01,7.04,19.59,9.04,14.02,88.15,1.02,14.79,2016,5,0.41,Neutral,,2.8,Sin riesgo,,,,,,,,,,,,,0.515,,,,,,,,,,
Villapinzon_Alta,2016-06-01,5.11,19.5,8.05,12.72,87.2,1.31,15.22,2016,6,0.03,Neutral,,2.8,Sin riesgo,,,,,,,,,,,,,0.632,,,,,,,,,,
Villapinzon_Alta,2016-07-01,4.93,18.68,7.69,12.52,87.3,1.37,14.7,2016,7,-0.43,Neutral,,2.8,Sin riesgo,,,,,,,,,,,,,0.6722222222222222,23.225,,18.0,0.16,,6.9,7.6,14.0,4.15,6.775
Villapinzon_Alta,2016-08-01,7.9,19.42,7.25,12.79,86.1,1.45,16.07,2016,8,-0.53,Niña,,2.8,Sin riesgo,,,,,,,,,,,,,0.6166666666666667,,,,,,,,,,
Villapinzon_Alta,2016-09-01,5.99,20.3,6.53,13.19,85.58,1.08,16.52,2016,9,-0.53,Niña,,2.8,Sin riesgo,,,,,,,,,,,,,0.535,,,,,,,,,,
Villapinzon_Alta,2016-10-01,6.68,20.04,7.8,13.87,87.29,0.68,16.82,2016,10,-0.69,Niña,,2.8,Sin riesgo,,,,,,,,,,,,,0.36375,157.45,4.8,40.0,0.4,,6.25,16.0,14.05,6.45,7.575
Villapinzon_Alta,2016-11-01,9.02,19.91,8.2,14.05,88.76,0.59,15.36,2016,11,-0.7,Niña,,2.8,Sin riesgo,,,,,,,,,,,,,0.47875,,,,,,,,,,
Villapinzon_Alta,2016-12-01,4.45,19.45,8.45,13.67,88.34,0.69,16.47,2016,12,-0.4,Neutral,,2.8,Sin riesgo,,,,,,,,,,,,,0.37555555555555553,,,,,,,,,,
Villapinzon_Alta,2017-01-01,1.24,19.17,7.13,13.46,87.38,0.73,16.34,2017,1,-0.26,Neutral,,1.7,Sin riesgo,,,,,,,,,,,,,0.35000000000000003,,,,,,,,,,
Villapinzon_Alta,2017-02-01,1.47,20.1,8.13,13.69,84.95,0.85,19.18,2017,2,0.07,Neutral,,1.7,Sin riesgo,,,,,,,,,,,,,0.31714285714285717,,,,,,,,,,
Villapinzon_Alta,2017-03-01,8.37,19.42,8.58,14.01,88.46,0.66,15.01,2017,3,0.13,Neutral,,1.7,Sin riesgo,,,,,,,,,,,,,0.48666666666666664,,,,,,,,,,
Villapinzon_Alta,2017-04-01,5.83,20.41,8.57,14.06,86.88,0.93,16.7,2017,4,0.33,Neutral,,1.7,Sin riesgo,,,,,,,,,,,,,0.3688888888888889,140.135,12.0,38.0,0.34,,6.300000000000001,30.0,13.25,13.7,7.859999999999999
Villapinzon_Alta,2017-05-01,11.86,19.6,8.42,13.93,88.51,0.85,15.68,2017,5,0.47,Neutral,,1.7,Sin riesgo,,,,,,,,,,,,,0.5666666666666667,,,,,,,,,,
Villapinzon_Alta,2017-06-01,8.64,18.8,7.83,13.38,88.45,0.93,14.95,2017,6,0.39,Neutral,,1.7,Sin riesgo,,,,,,,,,,,,,0.844,,,,,,,,,,
Villapinzon_Alta,2017-07-01,4.64,18.7,7.36,12.72,87.9,1.29,14.31,2017,7,0.29,Neutral,,1.7,Sin riesgo,,,,,,,,,,,,,0.7966666666666667,,,,,,,,,,
Villapinzon_Alta,2017-08-01,6.87,19.55,7.59,13.25,86.14,1.03,16.45,2017,8,-0.11,Neutral,,1.7,Sin riesgo,,,,,,,,,,,,,0.46499999999999997,,,,,,,,,,
Villapinzon_Alta,2017-09-01,4.81,20.5,7.75,13.49,85.7,0.94,16.45,2017,9,-0.39,Neutral,,1.7,Sin riesgo,,,,,,,,,,,,,0.3983333333333334,116.6,14.0,48.5,0.235,,6.55,21.0,13.850000000000001,6.45,7.07
Villapinzon_Alta,2017-10-01,8.95,20.03,8.29,13.53,87.07,0.84,15.79,2017,10,-0.51,Niña,,1.7,Sin riesgo,,,,,,,,,,,,,0.369,,,,,,,,,,
Villapinzon_Alta,2017-11-01,8.8,19.23,9.89,14.2,89.61,0.48,16.58,2017,11,-0.9,Niña,,1.7,Sin riesgo,,,,,,,,,,,,,0.3625,,,,,,,,,,
Villapinzon_Alta,2017-12-01,2.04,19.45,5.74,13.68,86.95,0.68,17.83,2017,12,-0.88,Niña,,1.7,Sin riesgo,,,,,,,,,,,,,0.318,,,,,,,,,,
Villapinzon_Alta,2018-01-01,2.15,19.81,7.13,13.44,87.38,0.84,17.01,2018,1,-0.81,Niña,,9.5,Riesgo bajo,,,,,,,,,,,,,0.268,,,,,,,,,,
Villapinzon_Alta,2018-02-01,0.77,20.41,7.36,13.79,85.15,0.68,17.9,2018,2,-0.63,Niña,,9.5,Riesgo bajo,,,,,,,,,,,,,0.235,,,,,,,,,,
Villapinzon_Alta,2018-03-01,3.66,20.84,7.72,13.98,85.89,1.02,16.24,2018,3,-0.7,Niña,,9.5,Riesgo bajo,,,,,,,,,,,,,0.25666666666666665,,,,,,,,,,
Villapinzon_Alta,2018-04-01,10.69,19.14,9.17,13.61,89.41,0.79,13.96,2018,4,-0.39,Neutral,,9.5,Riesgo bajo,,,,,,,,,,,,,0.6679999999999999,132.45,40.0,50.5,0.205,,7.6499999999999995,17.5,13.649999999999999,23.5,8.49
Villapinzon_Alta,2018-05-01,11.07,18.75,8.71,13.49,89.42,0.86,15.2,2018,5,-0.09,Neutral,,9.5,Riesgo bajo,,,,,,,,,,,,,0.755,,,,,,,,,,
Villapinzon_Alta,2018-06-01,8.21,17.64,7.15,12.54,89.1,1.28,14.67,2018,6,0.1,Neutral,,9.5,Riesgo bajo,,,,,,,,,,,,,1.0,,,,,,,,,,
Villapinzon_Alta,2018-07-01,7.72,18.71,8.06,12.6,88.6,1.32,15.36,2018,7,0.17,Neutral,,9.5,Riesgo bajo,,,,,,,,,,,,,0.85,,,,,,,,,,
Villapinzon_Alta,2018-08-01,6.9,19.14,6.09,12.11,86.6,1.54,16.72,2018,8,0.14,Neutral,,9.5,Riesgo bajo,,,,,,,,,,,,,1.034,46.4,5.0,40.0,0.25,,6.800000000000001,46.5,15.95,48.0,6.48
Villapinzon_Alta,2018-09-01,5.32,19.33,7.03,12.93,85.4,1.04,16.77,2018,9,0.51,Niño,,9.5,Riesgo bajo,,,,,,,,,,,,,0.45,,,,,,,,,,
Villapinzon_Alta,2018-10-01,7.48,19.55,7.38,13.76,87.29,0.63,16.9,2018,10,0.95,Niño,,9.5,Riesgo bajo,,,,,,,,,,,,,0.36,,,,,,,,,,
Villapinzon_Alta,2018-11-01,5.92,20.44,8.51,14.22,89.11,0.58,16.0,2018,11,0.96,Niño,,9.5,Riesgo bajo,,,,,,,,,,,,,0.302,,,,,,,,,,
Villapinzon_Alta,2018-12-01,0.95,19.05,6.38,13.14,86.61,1.06,19.7,2018,12,0.99,Niño,,9.5,Riesgo bajo,,,,,,,,,,,,,0.24,,,,,,,,,,
Villapinzon_Alta,2019-01-01,0.92,20.24,7.35,13.56,86.62,1.18,16.5,2019,1,0.82,Niño,375310870.9677419,7.0,Riesgo bajo,,,,,,,,,,,,,0.25666666666666665,,,,,,,,,,
Villapinzon_Alta,2019-02-01,1.85,21.27,9.03,14.28,84.7,1.01,18.13,2019,2,0.86,Niño,349228892.8571429,7.0,Riesgo bajo,,,,,,,,,,,,,0.2,,,,,,,,,,
Villapinzon_Alta,2019-03-01,6.87,20.61,9.24,14.41,87.73,0.81,14.4,2019,3,0.91,Niño,322214612.9032258,7.0,Riesgo bajo,,,,,,,,,,,,,0.195,,,,,,,,,,
Villapinzon_Alta,2019-04-01,8.11,20.22,9.58,14.54,88.44,0.69,15.17,2019,4,0.74,Niño,308249466.6666667,7.0,Riesgo bajo,,,,,,,,,,,,,,,,,,,,,,,
Villapinzon_Alta,2019-05-01,11.71,19.69,9.04,14.01,88.59,0.91,15.21,2019,5,0.66,Niño,307606161.2903226,7.0,Riesgo bajo,,,,,,,,,,,,,,129.65,24.0,124.0,0.1785,9.0,5.9,12.0,13.3,13.2,7.32
Villapinzon_Alta,2019-06-01,8.14,18.47,7.96,13.23,89.21,1.31,15.44,2019,6,0.51,Niño,321782800.0,7.0,Riesgo bajo,,,,,,,,,,,,,0.66,,,,,,,,,,
Villapinzon_Alta,2019-07-01,7.41,18.32,7.66,12.65,88.05,1.39,16.2,2019,7,0.4,Neutral,366243806.4516129,7.0,Riesgo bajo,,,,,,,,,,,,,0.8,,,,,,,,,,
Villapinzon_Alta,2019-08-01,5.37,18.64,6.98,12.73,86.82,1.43,15.39,2019,8,0.09,Neutral,390054870.9677419,7.0,Riesgo bajo,,,,,,,,,,,,,0.6433333333333334,,,,,,,,,,
Villapinzon_Alta,2019-09-01,5.92,20.02,6.84,13.35,85.18,1.1,16.67,2019,9,0.07,Neutral,399258666.6666667,7.0,Riesgo bajo,,,,,,,,,,,,,,36.1,10.0,19.0,0.15,1.2,6.199999999999999,7.0,12.0,4.02,6.859999999999999
Villapinzon_Alta,2019-10-01,8.5,20.16,7.76,13.47,86.26,0.83,16.54,2019,10,0.53,Niño,392567870.9677419,7.0,Riesgo bajo,,,,,,,,,,,,,,,,,,,,,,,
Villapinzon_Alta,2019-11-01,10.0,19.3,9.31,14.17,90.14,0.68,16.67,2019,11,0.58,Niño,385040666.6666667,7.0,Riesgo bajo,,,,,,,,,,,,,,,,,,,,,,,
Villapinzon_Alta,2019-12-01,2.59,19.94,9.68,14.31,88.65,0.87,16.7,2019,12,0.63,Niño,381478322.5806451,7.0,Riesgo bajo,,,,,,,,,,,,,,,,,,,,,,,
Villapinzon_Alta,2020-01-01,0.94,20.67,5.26,13.87,86.58,1.1,19.04,2020,1,0.78,Niño,365105645.1612903,0.0,Sin riesgo,,,,,,,,,,,,,,,,,,,,,,,
Villapinzon_Alta,2020-02-01,3.92,20.88,5.14,13.9,84.88,1.17,20.31,2020,2,0.52,Niño,341265620.6896552,0.0,Sin riesgo,,,,,,,,,,,,,,,,,,,,,,,
Villapinzon_Alta,2020-03-01,3.92,21.11,6.06,14.39,85.82,0.82,17.52,2020,3,0.58,Niño,318710096.7741935,0.0,Sin riesgo,,,,,,,,,,,,,,,,,,,,,,,
Villapinzon_Alta,2020-04-01,6.1,20.98,8.62,14.61,86.71,0.9,16.21,2020,4,0.48,Neutral,300844166.6666667,0.0,Sin riesgo,,,,,,,,,,,,,,,,,,,,,,,
Villapinzon_Alta,2020-05-01,6.51,20.51,9.09,14.22,87.93,1.13,15.35,2020,5,-0.16,Neutral,290141870.9677419,0.0,Sin riesgo,,,,,,,,,,,,,,,,,,,,,,,
Villapinzon_Alta,2020-06-01,13.84,18.8,8.04,13.2,88.05,1.23,15.9,2020,6,-0.28,Neutral,294335733.3333333,0.0,Sin riesgo,,,,,,,,,,,,,,,,,,,,,,,
Villapinzon_Alta,2020-07-01,8.9,18.62,7.81,12.85,87.61,1.19,15.32,2020,7,-0.25,Neutral,323125516.1290323,0.0,Sin riesgo,,,,,,,,,,,,,,,,,,,,,,,
Villapinzon_Alta,2020-08-01,4.83,19.33,7.1,13.43,86.28,1.05,15.48,2020,8,-0.54,Niña,336433612.9032258,0.0,Sin riesgo,,,,,,,,,,,,,,,,,,,,,,,
Villapinzon_Alta,2020-09-01,5.55,20.33,7.92,13.55,85.15,0.98,17.09,2020,9,-0.79,Niña,328335333.3333333,0.0,Sin riesgo,,,,,,,,,,,,,,,,,,,,,,,
Villapinzon_Alta,2020-10-01,1.65,21.1,7.12,13.53,83.78,0.99,16.8,2020,10,-1.2,Niña,314703548.3870968,0.0,Sin riesgo,,,,,,,,,,,,,,,,,,,,,,,
Villapinzon_Alta,2020-11-01,1.66,20.24,9.63,14.37,87.07,0.48,15.77,2020,11,-1.36,Niña,321075166.6666667,0.0,Sin riesgo,,,,,,,,,,,,,,,,,,,,,,,
Villapinzon_Alta,2020-12-01,2.82,20.25,7.23,14.2,85.69,0.73,17.8,2020,12,-1.05,Niña,333583677.4193549,0.0,Sin riesgo,,,,,,,,,,,,,,,,,,,,,,,
Villapinzon_Alta,2021-01-01,2.96,20.69,5.98,13.32,84.68,0.96,18.94,2021,1,-0.82,Niña,318859483.8709677,3.8,Sin riesgo,18810.0,80.04,,89.0,89.0,99.0,82.0,83.96,70.0,,,,,,,,,,,,,,
Villapinzon_Alta,2021-02-01,3.43,20.91,8.82,14.05,85.95,0.83,17.03,2021,2,-0.85,Niña,300381750.0,3.8,Sin riesgo,18810.0,80.04,,89.0,89.0,99.0,82.0,83.96,70.0,,,,,,,,,,,,,,
Villapinzon_Alta,2021-03-01,3.49,20.09,8.62,13.86,86.32,0.77,14.73,2021,3,-0.69,Niña,294729838.7096774,3.8,Sin riesgo,18810.0,80.04,,89.0,89.0,99.0,82.0,83.96,70.0,,,,,60.65,10.02,15.0,0.21999999999999997,2.1,6.050000000000001,11.5,13.4,16.0,6.93
Villapinzon_Alta,2021-04-01,4.89,20.3,8.73,14.19,86.45,1.0,16.76,2021,4,-0.6,Niña,296661366.6666667,3.8,Sin riesgo,18810.0,80.04,,89.0,89.0,99.0,82.0,83.96,70.0,,,,,,,,,,,,,,
Villapinzon_Alta,2021-05-01,0.07,20.07,8.46,14.18,86.09,1.12,15.67,2021,5,-0.35,Neutral,321908612.9032258,3.8,Sin riesgo,18810.0,80.04,,89.0,89.0,99.0,82.0,83.96,70.0,,,,,,,,,,,,,,
Villapinzon_Alta,2021-06-01,2.6,19.7,7.08,13.51,85.11,1.23,16.14,2021,6,-0.22,Neutral,359512233.3333333,3.8,Sin riesgo,18810.0,80.04,,89.0,89.0,99.0,82.0,83.96,70.0,,,,,94.0,8.0,23.5,0.195,1.615,6.475,29.5,15.85,26.0,7.15
Villapinzon_Alta,2021-07-01,0.48,20.41,7.09,13.62,82.81,1.6,15.22,2021,7,-0.34,Neutral,393645387.0967742,3.8,Sin riesgo,18810.0,80.04,,89.0,89.0,99.0,82.0,83.96,70.0,,,,,,,,,,,,,,
Villapinzon_Alta,2021-08-01,0.48,22.01,7.93,14.28,79.13,1.26,15.74,2021,8,-0.48,Neutral,434575580.6451613,3.8,Sin riesgo,18810.0,80.04,,89.0,89.0,99.0,82.0,83.96,70.0,,,,,,,,,,,,,,
Villapinzon_Alta,2021-09-01,2.34,21.76,7.52,14.28,78.41,1.27,16.77,2021,9,-0.52,Niña,456232800.0,3.8,Sin riesgo,18810.0,80.04,,89.0,89.0,99.0,82.0,83.96,70.0,,,,,,,,,,,,,,
Villapinzon_Alta,2021-10-01,2.43,23.21,9.04,15.02,82.12,0.85,16.9,2021,10,-0.89,Niña,461579258.0645161,3.8,Sin riesgo,18810.0,80.04,,89.0,89.0,99.0,82.0,83.96,70.0,,,,,,,,,,,,,,
Villapinzon_Alta,2021-11-01,1.95,21.8,9.2,14.84,82.17,0.76,17.98,2021,11,-0.89,Niña,481237600.0,3.8,Sin riesgo,18810.0,80.04,,89.0,89.0,99.0,82.0,83.96,70.0,,,,,,,,,,,,,,
Villapinzon_Alta,2021-12-01,1.54,21.87,9.24,14.9,83.2,0.81,17.43,2021,12,-0.96,Niña,474543580.6451613,3.8,Sin riesgo,18810.0,80.04,,89.0,89.0,99.0,82.0,83.96,70.0,,,,,,,,,,,,,,
Villapinzon_Alta,2022-01-01,1.15,22.53,8.36,14.56,78.01,0.88,18.12,2022,1,-0.77,Niña,453196074.1935484,2.9,Sin riesgo,19410.0,82.6,,90.0,91.0,0.99,82.0,95.19,70.0,,,,,,,,,,,,,,
Villapinzon_Alta,2022-02-01,3.99,22.73,8.09,14.3,81.75,0.82,15.71,2022,2,-0.74,Niña,432436285.7142857,2.9,Sin riesgo,19410.0,82.6,,90.0,91.0,0.99,82.0,95.19,70.0,,,,,,,,,,,,,,
Villapinzon_Alta,2022-03-01,5.57,20.79,9.28,14.23,86.61,0.79,16.2,2022,3,-0.87,Niña,419985419.3548387,2.9,Sin riesgo,19410.0,82.6,,90.0,91.0,0.99,82.0,95.19,70.0,,,,,,,,,,,,,,
Villapinzon_Alta,2022-04-01,9.29,20.45,8.09,13.96,86.6,0.92,14.92,2022,4,-0.99,Niña,408355533.3333333,2.9,Sin riesgo,19410.0,82.6,,90.0,91.0,0.99,82.0,95.19,70.0,,,,,,,,,,,,,,
Villapinzon_Alta,2022-05-01,13.38,19.6,8.25,13.6,88.29,1.04,15.73,2022,5,-1.0,Niña,454864354.8387097,2.9,Sin riesgo,19410.0,82.6,,90.0,91.0,0.99,82.0,95.19,70.0,,,,,,,,,,,,,,
Villapinzon_Alta,2022-06-01,8.79,19.22,7.77,13.02,88.37,0.92,15.09,2022,6,-0.69,Niña,498158200.0,2.9,Sin riesgo,19410.0,82.6,,90.0,91.0,0.99,82.0,95.19,70.0,,,,,,,,,,,,,,
Villapinzon_Alta,2022-07-01,9.73,18.97,7.75,12.9,87.9,1.19,15.76,2022,7,-0.65,Niña,532957096.7741935,2.9,Sin riesgo,19410.0,82.6,,90.0,91.0,0.99,82.0,95.19,70.0,,,,,,,,,,,,,,
Villapinzon_Alta,2022-08-01,6.83,18.83,6.99,12.67,86.77,1.17,16.14,2022,8,-0.93,Niña,550557806.451613,2.9,Sin riesgo,19410.0,82.6,,90.0,91.0,0.99,82.0,95.19,70.0,,,,,,,,,,,,,,
Villapinzon_Alta,2022-09-01,6.03,19.38,8.07,13.37,85.53,0.98,16.38,2022,9,-1.03,Niña,549053833.3333334,2.9,Sin riesgo,19410.0,82.6,,90.0,91.0,0.99,82.0,95.19,70.0,,,,,,,,,,,,,,
Villapinzon_Alta,2022-10-01,8.15,19.92,7.69,13.76,87.33,0.75,16.42,2022,10,-0.94,Niña,545696451.6129032,2.9,Sin riesgo,19410.0,82.6,,90.0,91.0,0.99,82.0,95.19,70.0,,,,,,,,,,,,,,
Villapinzon_Alta,2022-11-01,6.2,19.61,9.97,13.97,90.0,0.54,14.95,2022,11,-0.85,Niña,556572100.0,2.9,Sin riesgo,19410.0,82.6,,90.0,91.0,0.99,82.0,95.19,70.0,,,,,70.05,,25.0,0.1185,1.5,7.1000000000000005,13.0,12.649999999999999,,6.795
Villapinzon_Alta,2022-12-01,2.47,19.41,6.57,13.3,87.0,0.76,18.3,2022,12,-0.75,Niña,564248741.9354838,2.9,Sin riesgo,19410.0,82.6,,90.0,91.0,0.99,82.0,95.19,70.0,,,,,,,,,,,,,,
Villapinzon_Alta,2023-01-01,6.35,19.77,4.61,12.82,87.54,0.81,17.13,2023,1,-0.55,Niña,555273322.5806452,0.4,Sin riesgo,20062.0,85.37,,89.95,46.51,1.0,82.0,100.0,83.0,24.0,22.0,0.0,,,,,,,,,,,
Villapinzon_Alta,2023-02-01,1.45,19.88,5.59,13.22,85.43,1.08,19.16,2023,2,-0.31,Neutral,540964821.4285715,0.4,Sin riesgo,20062.0,85.37,,89.95,46.51,1.0,82.0,100.0,83.0,24.0,22.0,0.0,,,,,,,,,,,
Villapinzon_Alta,2023-03-01,4.53,19.68,9.57,13.99,87.92,0.72,14.82,2023,3,-0.01,Neutral,544803032.2580645,0.4,Sin riesgo,20062.0,85.37,,89.95,46.51,1.0,82.0,100.0,83.0,24.0,22.0,0.0,,,,,,,,,,,
Villapinzon_Alta,2023-04-01,7.98,19.64,9.02,14.21,88.52,0.81,14.43,2023,4,0.25,Neutral,558005533.3333334,0.4,Sin riesgo,20062.0,85.37,,89.95,46.51,1.0,82.0,100.0,83.0,24.0,22.0,0.0,,,,,,,,,,,
Villapinzon_Alta,2023-05-01,9.41,20.57,9.23,14.35,88.07,1.07,16.56,2023,5,0.57,Niño,563669580.6451613,0.4,Sin riesgo,20062.0,85.37,,89.95,46.51,1.0,82.0,100.0,83.0,24.0,22.0,0.0,,,,,,,,,,,
Villapinzon_Alta,2023-06-01,7.57,18.57,7.27,13.07,87.92,1.52,16.33,2023,6,0.89,Niño,577965033.3333334,0.4,Sin riesgo,20062.0,85.37,,89.95,46.51,1.0,82.0,100.0,83.0,24.0,22.0,0.0,,,,,,,,,,,
Villapinzon_Alta,2023-07-01,6.88,18.84,8.28,13.42,88.22,1.63,15.62,2023,7,1.07,Niño,597035354.8387097,0.4,Sin riesgo,20062.0,85.37,,89.95,46.51,1.0,82.0,100.0,83.0,24.0,22.0,0.0,,36.45,,37.5,0.1995,0.65,6.35,121.5,12.5,77.5,6.915
Villapinzon_Alta,2023-08-01,5.49,20.07,6.99,13.39,85.64,1.37,17.36,2023,8,1.39,Niño,619585580.6451613,0.4,Sin riesgo,20062.0,85.37,,89.95,46.51,1.0,82.0,100.0,83.0,24.0,22.0,0.0,,,,,,,,,,,
Villapinzon_Alta,2023-09-01,5.77,20.75,8.44,14.11,85.29,1.24,17.38,2023,9,1.64,Niño,614449366.6666666,0.4,Sin riesgo,20062.0,85.37,,89.95,46.51,1.0,82.0,100.0,83.0,24.0,22.0,0.0,,,,,,,,,,,
Villapinzon_Alta,2023-10-01,7.41,21.12,8.19,14.21,85.82,0.77,17.15,2023,10,1.77,Niño,599453806.451613,0.4,Sin riesgo,20062.0,85.37,,89.95,46.51,1.0,82.0,100.0,83.0,24.0,22.0,0.0,,89.0,8.0,30.0,0.2235,3.1,6.3,13.0,13.45,6.15,6.71
Villapinzon_Alta,2023-11-01,5.84,20.16,9.69,14.23,87.27,0.9,16.83,2023,11,2.08,Niño,594481666.6666666,0.4,Sin riesgo,20062.0,85.37,,89.95,46.51,1.0,82.0,100.0,83.0,24.0,22.0,0.0,,,,,,,,,,,
Villapinzon_Alta,2023-12-01,5.16,20.53,8.89,14.67,88.87,0.85,16.66,2023,12,2.13,Niño,580021806.451613,0.4,Sin riesgo,20062.0,85.37,,89.95,46.51,1.0,82.0,100.0,83.0,24.0,22.0,0.0,,,,,,,,,,,
Villapinzon_Alta,2024-01-01,0.23,22.0,7.01,14.1,83.31,1.24,21.32,2024,1,1.98,Niño,554029645.1612903,2.9,Sin riesgo,20735.0,88.23,60.2,99.7,90.72,1.0,82.0,100.0,83.0,24.0,0.0,0.0,,,,,,,,,,,
Villapinzon_Alta,2024-02-01,1.8,22.88,9.24,15.19,84.74,1.02,17.32,2024,2,1.67,Niño,525531655.1724138,2.9,Sin riesgo,20735.0,88.23,60.2,99.7,90.72,1.0,82.0,100.0,83.0,24.0,0.0,0.0,,,,,,,,,,,
Villapinzon_Alta,2024-03-01,2.98,22.2,9.01,15.74,83.94,1.05,16.36,2024,3,1.22,Niño,500117677.4193549,2.9,Sin riesgo,20735.0,88.23,60.2,99.7,90.72,1.0,82.0,100.0,83.0,24.0,0.0,0.0,,,,,,,,,,,
Villapinzon_Alta,2024-04-01,6.45,22.23,8.51,15.13,84.91,1.0,16.31,2024,4,0.89,Niño,474841700.0,2.9,Sin riesgo,20735.0,88.23,60.2,99.7,90.72,1.0,82.0,100.0,83.0,24.0,0.0,0.0,,,,,,,,,,,
Villapinzon_Alta,2024-05-01,12.67,20.73,10.17,14.82,88.54,1.09,15.42,2024,5,0.34,Neutral,467863193.5483871,2.9,Sin riesgo,20735.0,88.23,60.2,99.7,90.72,1.0,82.0,100.0,83.0,24.0,0.0,0.0,,,,,,,,,,,
Villapinzon_Alta,2024-06-01,8.46,19.66,8.08,13.85,88.68,1.16,15.61,2024,6,0.23,Neutral,486531533.3333333,2.9,Sin riesgo,20735.0,88.23,60.2,99.7,90.72,1.0,82.0,100.0,83.0,24.0,0.0,0.0,,45.1,,31.5,0.11199999999999999,0.98,6.35,18.5,10.7,17.0,5.895
Villapinzon_Alta,2024-07-01,5.13,19.14,6.9,13.42,88.5,1.45,15.39,2024,7,0.09,Neutral,499495096.7741935,2.9,Sin riesgo,20735.0,88.23,60.2,99.7,90.72,1.0,82.0,100.0,83.0,24.0,0.0,0.0,,,,,,,,,,,
Villapinzon_Alta,2024-08-01,2.71,19.86,7.23,13.59,85.31,1.32,17.08,2024,8,-0.07,Neutral,504866451.6129032,2.9,Sin riesgo,20735.0,88.23,60.2,99.7,90.72,1.0,82.0,100.0,83.0,24.0,0.0,0.0,,,,,,,,,,,
Villapinzon_Alta,2024-09-01,3.29,20.46,7.85,14.07,84.43,1.31,16.4,2024,9,-0.22,Neutral,486848766.6666667,2.9,Sin riesgo,20735.0,88.23,60.2,99.7,90.72,1.0,82.0,100.0,83.0,24.0,0.0,0.0,,,,,,,,,,,
Villapinzon_Alta,2024-10-01,7.14,20.97,7.66,14.25,85.91,1.05,18.16,2024,10,-0.22,Neutral,470190161.2903226,2.9,Sin riesgo,20735.0,88.23,60.2,99.7,90.72,1.0,82.0,100.0,83.0,24.0,0.0,0.0,,,,,,,,,,,
Villapinzon_Alta,2024-11-01,7.64,20.19,7.29,14.17,89.14,0.69,14.64,2024,11,-0.19,Neutral,481637366.6666667,2.9,Sin riesgo,20735.0,88.23,60.2,99.7,90.72,1.0,82.0,100.0,83.0,24.0,0.0,0.0,,,,,,,,,,,
Villapinzon_Alta,2024-12-01,4.91,20.5,8.15,14.5,88.44,0.76,16.52,2024,12,-0.49,Neutral,492346387.0967742,2.9,Sin riesgo,20735.0,88.23,60.2,99.7,90.72,1.0,82.0,100.0,83.0,24.0,0.0,0.0,,,,,,,,,,,
Villapinzon_Alta,2025-01-01,2.71,20.25,6.5,13.4,86.14,1.07,18.69,2025,1,-0.56,Niña,478472875.0,,,,,,,,,,,,,,,,,,,,,,,,,
Villapinzon_Alta,2025-02-01,2.72,20.35,9.14,14.3,87.53,0.86,15.67,2025,2,-0.28,Neutral,,,,,,,,,,,,,,,,,,,,,,,,,,
Villapinzon_Alta,2025-03-01,7.84,20.3,8.46,14.44,88.37,0.81,15.65,2025,3,0.11,Neutral,,,,,,,,,,,,,,,,,,,,,,,,,,
Villapinzon_Alta,2025-04-01,18.19,20.0,8.05,14.36,88.9,0.91,15.88,2025,4,-0.02,Neutral,,,,,,,,,,,,,,,,,,,,,,,,,,
Villapinzon_Alta,2025-05-01,10.84,18.93,9.55,13.65,90.22,1.18,15.28,2025,5,-0.02,Neutral,,,,,,,,,,,,,,,,,,,,,,,,,,
Villapinzon_Alta,2025-06-01,12.39,18.95,7.23,13.2,89.65,1.36,14.84,2025,6,-0.01,Neutral,,,,,,,,,,,,,,,,,,,,,,,,,,
Villapinzon_Alta,2025-07-01,5.07,18.37,7.89,12.84,88.82,1.55,15.3,2025,7,-0.1,Neutral,,,,,,,,,,,,,,,,,,,,,,,,,,
Villapinzon_Alta,2025-08-01,6.64,18.84,8.1,13.21,88.21,1.41,16.45,2025,8,-0.32,Neutral,,,,,,,,,,,,,,,,,,,,,,,,,,
Villapinzon_Alta,2025-09-01,4.52,20.01,8.4,13.42,87.19,1.36,16.52,2025,9,-0.43,Neutral,,,,,,,,,,,,,,,,,,,,,,,,,,
Villapinzon_Alta,2025-10-01,7.09,19.67,7.85,13.58,88.6,0.93,15.33,2025,10,-0.45,Neutral,,,,,,,,,,,,,,,,,,,,,,,,,,
Villapinzon_Alta,2025-11-01,3.96,19.86,9.03,13.94,88.54,0.87,15.21,2025,11,-0.64,Niña,,,,,,,,,,,,,,,,,,,,,,,,,,
Villapinzon_Alta,2025-12-01,1.95,19.89,6.82,13.99,88.09,0.74,16.92,2025,12,-0.57,Niña,,,,,,,,,,,,,,,,,,,,,,,,,,
