Variable_1,Variable_2,Pearson,Spearman,Abs_Pearson,Abs_Spearman,Clasificacion
DENSIDAD POBLACIONAL,ACCESO A AGUA POTABLE ADECUADO,1.0,1.0,1.0,1.0,Muy fuerte
DENSIDAD POBLACIONAL,PORCENTAJE DE LA POBLACION CON ACCESO A METODOS DE SANEAMIENTO ADECUADOS,1.0,1.0,1.0,1.0,Muy fuerte
DENSIDAD POBLACIONAL,COBERTURA DE ACUEDUCTO RURAL,1.0,1.0,1.0,1.0,Muy fuerte
DENSIDAD POBLACIONAL,COBERTURA DE ACUEDUCTO URBANO,1.0,1.0,1.0,1.0,Muy fuerte
DENSIDAD POBLACIONAL,COBERTURA DE ALCANTARILLADO RURAL,1.0,1.0,1.0,1.0,Muy fuerte
DENSIDAD POBLACIONAL,COBERTURA DE ALCANTARILLADO URBANO,1.0,1.0,1.0,1.0,Muy fuerte
ACCESO A AGUA POTABLE ADECUADO,COBERTURA DE ACUEDUCTO RURAL,1.0,1.0,1.0,1.0,Muy fuerte
ACCESO A AGUA POTABLE ADECUADO,COBERTURA DE ACUEDUCTO URBANO,1.0,1.0,1.0,1.0,Muy fuerte
ACCESO A AGUA POTABLE ADECUADO,COBERTURA DE ALCANTARILLADO RURAL,1.0,1.0,1.0,1.0,Muy fuerte
ACCESO A AGUA POTABLE ADECUADO,COBERTURA DE ALCANTARILLADO URBANO,1.0,1.0,1.0,1.0,Muy fuerte
ACCESO A AGUA POTABLE ADECUADO,PORCENTAJE DE LA POBLACION CON ACCESO A METODOS DE SANEAMIENTO ADECUADOS,1.0,1.0,1.0,1.0,Muy fuerte
INDICE DE DESEMPENO INSTITUCIONAL,TURBIDEZ,1.0,1.0,1.0,1.0,Muy fuerte
COBERTURA DE ALCANTARILLADO URBANO,COBERTURA DE ALCANTARILLADO RURAL,1.0,1.0,1.0,1.0,Muy fuerte
COBERTURA DE ACUEDUCTO RURAL,COBERTURA DE ALCANTARILLADO RURAL,1.0,1.0,1.0,1.0,Muy fuerte
COBERTURA DE ACUEDUCTO URBANO,COBERTURA DE ALCANTARILLADO RURAL,1.0,1.0,1.0,1.0,Muy fuerte
COBERTURA DE ACUEDUCTO RURAL,COBERTURA DE ALCANTARILLADO URBANO,1.0,1.0,1.0,1.0,Muy fuerte
COBERTURA DE ACUEDUCTO URBANO,COBERTURA DE ALCANTARILLADO URBANO,1.0,1.0,1.0,1.0,Muy fuerte
COBERTURA DE ACUEDUCTO URBANO,COBERTURA DE ACUEDUCTO RURAL,1.0,1.0,1.0,1.0,Muy fuerte
PORCENTAJE DE LA POBLACION CON ACCESO A METODOS DE SANEAMIENTO ADECUADOS,COBERTURA DE ALCANTARILLADO URBANO,1.0,1.0,1.0,1.0,Muy fuerte
PORCENTAJE DE LA POBLACION CON ACCESO A METODOS DE SANEAMIENTO ADECUADOS,COBERTURA DE ALCANTARILLADO RURAL,1.0,1.0,1.0,1.0,Muy fuerte
PORCENTAJE DE LA POBLACION CON ACCESO A METODOS DE SANEAMIENTO ADECUADOS,COBERTURA DE ACUEDUCTO URBANO,1.0,1.0,1.0,1.0,Muy fuerte
PORCENTAJE DE LA POBLACION CON ACCESO A METODOS DE SANEAMIENTO ADECUADOS,COBERTURA DE ACUEDUCTO RURAL,1.0,1.0,1.0,1.0,Muy fuerte
AGUAS RESIDUALES TRATADAS,DEMANDA BIOQUIMICA DE OXIGENO (DBO5),-1.0,-1.0,1.0,1.0,Muy fuerte
CALIDAD DEL AGUA,DEMANDA BIOQUIMICA DE OXIGENO (DBO5),-1.0,-1.0,1.0,1.0,Muy fuerte
INDICE DE DESEMPENO INSTITUCIONAL,OXIGENO DISUELTO (OD),-0.9946976878214308,-1.0,0.9946976878214308,1.0,Muy fuerte
VolumenUtilDiarioMasa,irca,0.9534625892455924,0.9534625892455924,0.9534625892455924,0.9534625892455924,Muy fuerte
Temp_Max_C,Temp_Media_C,0.9413415958248187,0.9534112921947542,0.9413415958248187,0.9534112921947542,Muy fuerte
INDICE DE DESEMPENO INSTITUCIONAL,SOLIDOS SUSPENDIDOS TOTALES,0.9326897814624298,0.5,0.9326897814624298,0.5,Muy fuerte
CONDUCTIVIDAD ELECTRICA,NITROGENO TOTAL,0.9319835782330247,0.9177339901477832,0.9319835782330247,0.9177339901477832,Muy fuerte
INDICE DE DESEMPENO INSTITUCIONAL,TEMPERATURA,0.9256959649302327,1.0,0.9256959649302327,1.0,Muy fuerte
CONDUCTIVIDAD ELECTRICA,FOSFORO TOTAL,0.9141256446746779,0.8023677187449753,0.9141256446746779,0.8023677187449753,Muy fuerte
INDICE DE DESEMPENO INSTITUCIONAL,CALIDAD DEL AGUA,0.9120738620329274,1.0,0.9120738620329274,1.0,Muy fuerte
Temp_Min_C,Temp_Media_C,0.8997748396828731,0.8833875236190902,0.8997748396828731,0.8833875236190902,Fuerte
Temp_Max_C,OXIGENO DISUELTO (OD),-0.8452082831174603,-0.8531085659112725,0.8452082831174603,0.8531085659112725,Fuerte
FOSFORO TOTAL,NITROGENO TOTAL,0.8270654645434151,0.8438423645320197,0.8270654645434151,0.8438423645320197,Fuerte
SOLIDOS SUSPENDIDOS TOTALES,TURBIDEZ,0.8175967966425479,0.8683888820498764,0.8175967966425479,0.8683888820498764,Fuerte
Temp_Max_C,TEMPERATURA,0.8120301126283962,0.7934148331656045,0.8120301126283962,0.7934148331656045,Fuerte
Nivel_Minimo,TURBIDEZ,0.7996356127801872,0.6386004222984786,0.7996356127801872,0.6386004222984786,Fuerte
INDICE DE DESEMPENO INSTITUCIONAL,DEMANDA QUIMICA DE OXIGENO (DQO),0.7984031019722234,1.0,0.7984031019722234,1.0,Fuerte
Temp_Media_C,OXIGENO DISUELTO (OD),-0.7962425704800324,-0.7764330141757917,0.7962425704800324,0.7764330141757917,Fuerte
Humedad_Relativa,CONDUCTIVIDAD ELECTRICA,-0.7857005887589088,-0.6007827320514887,0.7857005887589088,0.6007827320514887,Fuerte
Temp_Media_C,TEMPERATURA,0.7812578101959871,0.7714162259319061,0.7812578101959871,0.7714162259319061,Fuerte
AGUAS RESIDUALES TRATADAS,OXIGENO DISUELTO (OD),-0.7797865091371275,-0.4763305116224668,0.7797865091371275,0.4763305116224668,Fuerte
FOSFORO TOTAL,OXIGENO DISUELTO (OD),-0.7678003818412584,-0.7760653237970215,0.7678003818412584,0.7760653237970215,Fuerte
Temp_Max_C,Humedad_Relativa,-0.7636722500185221,-0.694250385311952,0.7636722500185221,0.694250385311952,Fuerte
CONDUCTIVIDAD ELECTRICA,OXIGENO DISUELTO (OD),-0.7635359193974837,-0.7561350464690479,0.7635359193974837,0.7561350464690479,Fuerte
Temp_Max_C,Temp_Min_C,0.7628590961163014,0.7765498580875588,0.7628590961163014,0.7765498580875588,Fuerte
Humedad_Relativa,NITROGENO TOTAL,-0.7515621641211647,-0.7369458128078817,0.7515621641211647,0.7369458128078817,Fuerte
DEMANDA QUIMICA DE OXIGENO (DQO),NITROGENO TOTAL,0.7347691187182083,0.7960591133004926,0.7347691187182083,0.7960591133004926,Fuerte
CALIDAD DEL AGUA,pH,0.7345179688069101,0.24474534704521944,0.7345179688069101,0.24474534704521944,Fuerte
INDICE DE DESEMPENO INSTITUCIONAL,AGUAS RESIDUALES TRATADAS,0.7290766549206337,0.8,0.7290766549206337,0.8,Fuerte
Humedad_Relativa,FOSFORO TOTAL,-0.7251110640826779,-0.5753578491950468,0.7251110640826779,0.5753578491950468,Fuerte
CONDUCTIVIDAD ELECTRICA,DEMANDA QUIMICA DE OXIGENO (DQO),0.719718080680289,0.763287509601228,0.719718080680289,0.763287509601228,Fuerte
Temp_Min_C,TEMPERATURA,0.7131558014089412,0.6083813703887865,0.7131558014089412,0.6083813703887865,Fuerte
Nivel_Minimo,TEMPERATURA,0.7131010834765341,0.4125874125874126,0.7131010834765341,0.4125874125874126,Fuerte
DEMANDA BIOQUIMICA DE OXIGENO (DBO5),pH,0.7106454845063302,0.4883492160515338,0.7106454845063302,0.4883492160515338,Fuerte
AGUAS RESIDUALES TRATADAS,TEMPERATURA,0.6884220666332722,0.5270462766947299,0.6884220666332722,0.5270462766947299,Moderada
CALIDAD DEL AGUA,TEMPERATURA,0.6858323737993114,0.6920385675071722,0.6858323737993114,0.6920385675071722,Moderada
Temp_Max_C,NITROGENO TOTAL,0.6773555802449812,0.7929548034035325,0.6773555802449812,0.7929548034035325,Moderada
Temp_Max_C,CONDUCTIVIDAD ELECTRICA,0.6754409107655281,0.6849472969003587,0.6754409107655281,0.6849472969003587,Moderada
INDICE DE DESEMPENO INSTITUCIONAL,FOSFORO TOTAL,0.6749434914474639,1.0,0.6749434914474639,1.0,Moderada
Temp_Max_C,FOSFORO TOTAL,0.6593333340934094,0.6976168642171833,0.6593333340934094,0.6976168642171833,Moderada
Temp_Min_C,AGUAS RESIDUALES TRATADAS,0.6579877652609201,0.32899390592476363,0.6579877652609201,0.32899390592476363,Moderada
DEMANDA QUIMICA DE OXIGENO (DQO),FOSFORO TOTAL,0.649379347483494,0.696745120651984,0.649379347483494,0.696745120651984,Moderada
INDICE DE DESEMPENO INSTITUCIONAL,CONDUCTIVIDAD ELECTRICA,0.6423207431509059,1.0,0.6423207431509059,1.0,Moderada
Humedad_Relativa,OXIGENO DISUELTO (OD),0.6388817929819669,0.4856525405805682,0.6388817929819669,0.4856525405805682,Moderada
Nivel_Minimo,SOLIDOS SUSPENDIDOS TOTALES,0.6388357739108331,0.17482517482517482,0.6388357739108331,0.17482517482517482,Moderada
OXIGENO DISUELTO (OD),TEMPERATURA,-0.6359124619952512,-0.6340362198429024,0.6359124619952512,0.6340362198429024,Moderada
NITROGENO TOTAL,TEMPERATURA,0.6221290933263841,0.6991870130889357,0.6221290933263841,0.6991870130889357,Moderada
Temp_Min_C,OXIGENO DISUELTO (OD),-0.6220767992510715,-0.5328498709439707,0.6220767992510715,0.5328498709439707,Moderada
NITROGENO TOTAL,OXIGENO DISUELTO (OD),-0.6137416975573362,-0.73130471916096,0.6137416975573362,0.73130471916096,Moderada
INDICE DE DESEMPENO INSTITUCIONAL,NITROGENO TOTAL,0.6109960344993463,1.0,0.6109960344993463,1.0,Moderada
Anio,PORCENTAJE DE LA POBLACION CON ACCESO A METODOS DE SANEAMIENTO ADECUADOS,-0.5976143046672051,-0.5976143046671968,0.5976143046672051,0.5976143046671968,Moderada
Anio,ACCESO A AGUA POTABLE ADECUADO,-0.5976143046672051,-0.5976143046671968,0.5976143046672051,0.5976143046671968,Moderada
Anio,COBERTURA DE ACUEDUCTO URBANO,-0.5976143046672051,-0.5976143046671968,0.5976143046672051,0.5976143046671968,Moderada
Anio,COBERTURA DE ACUEDUCTO RURAL,-0.5976143046672051,-0.5976143046671968,0.5976143046672051,0.5976143046671968,Moderada
Anio,COBERTURA DE ALCANTARILLADO URBANO,-0.5976143046672051,-0.5976143046671968,0.5976143046672051,0.5976143046671968,Moderada
Anio,DENSIDAD POBLACIONAL,-0.5976143046672051,-0.5976143046671968,0.5976143046672051,0.5976143046671968,Moderada
Anio,COBERTURA DE ALCANTARILLADO RURAL,-0.5976143046672051,-0.5976143046671968,0.5976143046672051,0.5976143046671968,Moderada
Temp_Media_C,AGUAS RESIDUALES TRATADAS,0.5974798721911426,0.24191715085452506,0.5974798721911426,0.24191715085452506,Moderada
DEMANDA BIOQUIMICA DE OXIGENO (DBO5),NITROGENO TOTAL,0.5869164031905093,0.2857243743174461,0.5869164031905093,0.2857243743174461,Moderada
Nivel_Minimo,pH,-0.5729888472196178,-0.7552447552447552,0.5729888472196178,0.7552447552447552,Moderada
Temp_Media_C,Humedad_Relativa,-0.5679169476707837,-0.5232032003004312,0.5679169476707837,0.5232032003004312,Moderada
Precipitacion_mm,Humedad_Relativa,0.5674624005718127,0.6362956809141729,0.5674624005718127,0.6362956809141729,Moderada
CONDUCTIVIDAD ELECTRICA,DEMANDA BIOQUIMICA DE OXIGENO (DBO5),0.5637625184798303,0.36011739134610005,0.5637625184798303,0.36011739134610005,Moderada
DEMANDA QUIMICA DE OXIGENO (DQO),OXIGENO DISUELTO (OD),-0.5634989660318762,-0.5849899248884078,0.5634989660318762,0.5849899248884078,Moderada
NITROGENO TOTAL,pH,0.5498420480759016,0.66379208673168,0.5498420480759016,0.66379208673168,Moderada
FOSFORO TOTAL,TURBIDEZ,0.5412436869638776,0.45831592712247726,0.5412436869638776,0.45831592712247726,Moderada
Temp_Media_C,NITROGENO TOTAL,0.536174430880981,0.7611774906855904,0.536174430880981,0.7611774906855904,Moderada
Temp_Media_C,FOSFORO TOTAL,0.5358548926137648,0.5912837148297452,0.5358548926137648,0.5912837148297452,Moderada
Humedad_Relativa,DEMANDA QUIMICA DE OXIGENO (DQO),-0.5286654022125911,-0.3867823504930152,0.5286654022125911,0.3867823504930152,Moderada
DEMANDA BIOQUIMICA DE OXIGENO (DBO5),DEMANDA QUIMICA DE OXIGENO (DQO),0.5242774090946274,0.5487548415661999,0.5242774090946274,0.5487548415661999,Moderada
Temp_Media_C,CONDUCTIVIDAD ELECTRICA,0.5182849002934562,0.5988906779530515,0.5182849002934562,0.5988906779530515,Moderada
Nivel_Minimo,OXIGENO DISUELTO (OD),-0.5117764343346932,0.08391608391608392,0.5117764343346932,0.08391608391608392,Moderada
FOSFORO TOTAL,SOLIDOS SUSPENDIDOS TOTALES,0.5108846534626124,0.5895171991425947,0.5108846534626124,0.5895171991425947,Moderada
Anio,OXIGENO DISUELTO (OD),-0.5031956760947406,-0.43984274486175573,0.5031956760947406,0.43984274486175573,Moderada
Anio,irca,0.499999999999992,0.5,0.499999999999992,0.5,Débil
CONDUCTIVIDAD ELECTRICA,TEMPERATURA,0.4951994959704961,0.46236973140844106,0.4951994959704961,0.46236973140844106,Débil
FOSFORO TOTAL,TEMPERATURA,0.48871799523926596,0.5158985358630827,0.48871799523926596,0.5158985358630827,Débil
Velocidad_Viento,INDICE DE DESEMPENO INSTITUCIONAL,0.4829265677792562,0.447420545960082,0.4829265677792562,0.447420545960082,Débil
CALIDAD DEL AGUA,FOSFORO TOTAL,0.47707399164470443,0.5148091782675306,0.47707399164470443,0.5148091782675306,Débil
Anio,VolumenUtilDiarioMasa,0.47673129462278785,0.4767312946227962,0.47673129462278785,0.4767312946227962,Débil
CALIDAD DEL AGUA,AGUAS RESIDUALES TRATADAS,0.47384217262263967,0.7319250547113999,0.47384217262263967,0.7319250547113999,Débil
CALIDAD DEL AGUA,CONDUCTIVIDAD ELECTRICA,0.47189390908715084,0.5654461466217139,0.47189390908715084,0.5654461466217139,Débil
Humedad_Relativa,TEMPERATURA,-0.4592549160838103,-0.38514925738112327,0.4592549160838103,0.38514925738112327,Débil
Temp_Max_C,AGUAS RESIDUALES TRATADAS,0.4517014071659752,0.13179884900817504,0.4517014071659752,0.13179884900817504,Débil
COBERTURA DE ALCANTARILLADO URBANO,OXIGENO DISUELTO (OD),0.4406323819762324,0.4101997847572218,0.4406323819762324,0.4101997847572218,Débil
COBERTURA DE ACUEDUCTO URBANO,OXIGENO DISUELTO (OD),0.4406323819762324,0.4101997847572218,0.4406323819762324,0.4101997847572218,Débil
PORCENTAJE DE LA POBLACION CON ACCESO A METODOS DE SANEAMIENTO ADECUADOS,OXIGENO DISUELTO (OD),0.4406323819762324,0.4101997847572218,0.4406323819762324,0.4101997847572218,Débil
ACCESO A AGUA POTABLE ADECUADO,OXIGENO DISUELTO (OD),0.4406323819762324,0.4101997847572218,0.4406323819762324,0.4101997847572218,Débil
DENSIDAD POBLACIONAL,OXIGENO DISUELTO (OD),0.4406323819762324,0.4101997847572218,0.4406323819762324,0.4101997847572218,Débil
COBERTURA DE ALCANTARILLADO RURAL,OXIGENO DISUELTO (OD),0.4406323819762324,0.4101997847572218,0.4406323819762324,0.4101997847572218,Débil
COBERTURA DE ACUEDUCTO RURAL,OXIGENO DISUELTO (OD),0.4406323819762324,0.4101997847572218,0.4406323819762324,0.4101997847572218,Débil
Humedad_Relativa,Radiacion_Solar,-0.4382246966846543,-0.4876038277773199,0.4382246966846543,0.4876038277773199,Débil
Nivel_Minimo,CONDUCTIVIDAD ELECTRICA,-0.43706854019701075,-0.7762237762237763,0.43706854019701075,0.7762237762237763,Débil
Radiacion_Solar,DEMANDA BIOQUIMICA DE OXIGENO (DBO5),-0.42687760174489636,-0.5475429033026336,0.42687760174489636,0.5475429033026336,Débil
Precipitacion_mm,Radiacion_Solar,-0.424983687244536,-0.4363616846107672,0.424983687244536,0.4363616846107672,Débil
Temp_Max_C,Radiacion_Solar,0.4234305561668253,0.43665367419301343,0.4234305561668253,0.43665367419301343,Débil
Velocidad_Viento,CALIDAD DEL AGUA,0.4064636277784563,0.38459041798494875,0.4064636277784563,0.38459041798494875,Débil
CALIDAD DEL AGUA,NITROGENO TOTAL,0.40129185320610816,0.5907646307988055,0.40129185320610816,0.5907646307988055,Débil
Temp_Media_C,TURBIDEZ,0.39649806293929757,0.42900812030184826,0.39649806293929757,0.42900812030184826,Débil
Temp_Max_C,DEMANDA QUIMICA DE OXIGENO (DQO),0.39514565718704003,0.4443196949088197,0.39514565718704003,0.4443196949088197,Débil
DEMANDA BIOQUIMICA DE OXIGENO (DBO5),TEMPERATURA,-0.3914574208333092,-0.5913928746494463,0.3914574208333092,0.5913928746494463,Débil
Anio,FOSFORO TOTAL,0.38967883722781743,0.3133088708585023,0.38967883722781743,0.3133088708585023,Débil
Temp_Min_C,TURBIDEZ,0.3890693718388068,0.5090561845676033,0.3890693718388068,0.5090561845676033,Débil
Nivel_Minimo,DEMANDA BIOQUIMICA DE OXIGENO (DBO5),-0.3886027017476321,-0.3404271044608361,0.3886027017476321,0.3404271044608361,Débil
DEMANDA QUIMICA DE OXIGENO (DQO),pH,0.38276571890227457,0.4740978945743184,0.38276571890227457,0.4740978945743184,Débil
Anio,CONDUCTIVIDAD ELECTRICA,0.38025008002746596,0.36012457093205774,0.38025008002746596,0.36012457093205774,Débil
Precipitacion_mm,CONDUCTIVIDAD ELECTRICA,-0.3794558619967454,-0.2954621848739496,0.3794558619967454,0.2954621848739496,Débil
Precipitacion_mm,NITROGENO TOTAL,-0.36886093571714523,-0.35073891625615766,0.36886093571714523,0.35073891625615766,Débil
Temp_Media_C,Radiacion_Solar,0.3674625890144806,0.3741161359856127,0.3674625890144806,0.3741161359856127,Débil
Precipitacion_mm,FOSFORO TOTAL,-0.3655929498101121,-0.33061183221500223,0.3655929498101121,0.33061183221500223,Débil
Radiacion_Solar,TEMPERATURA,0.35518822596211336,0.378257011660436,0.35518822596211336,0.378257011660436,Débil
OXIGENO DISUELTO (OD),SOLIDOS SUSPENDIDOS TOTALES,-0.3513874097635692,-0.4570234647659966,0.3513874097635692,0.4570234647659966,Débil
Temp_Media_C,SOLIDOS SUSPENDIDOS TOTALES,0.3509220132520638,0.4137848241954266,0.3509220132520638,0.4137848241954266,Débil
Humedad_Relativa,Nivel_Minimo,-0.3504404032196338,0.28140705807596256,0.3504404032196338,0.28140705807596256,Débil
CALIDAD DEL AGUA,OXIGENO DISUELTO (OD),-0.34766504255243985,-0.5974790825125827,0.34766504255243985,0.5974790825125827,Débil
COBERTURA DE ACUEDUCTO URBANO,FOSFORO TOTAL,-0.3333028854830344,-0.3239059431361432,0.3333028854830344,0.3239059431361432,Débil
COBERTURA DE ALCANTARILLADO URBANO,FOSFORO TOTAL,-0.3333028854830344,-0.3239059431361432,0.3333028854830344,0.3239059431361432,Débil
COBERTURA DE ALCANTARILLADO RURAL,FOSFORO TOTAL,-0.3333028854830344,-0.3239059431361432,0.3333028854830344,0.3239059431361432,Débil
PORCENTAJE DE LA POBLACION CON ACCESO A METODOS DE SANEAMIENTO ADECUADOS,FOSFORO TOTAL,-0.3333028854830344,-0.3239059431361432,0.3333028854830344,0.3239059431361432,Débil
COBERTURA DE ACUEDUCTO RURAL,FOSFORO TOTAL,-0.3333028854830344,-0.3239059431361432,0.3333028854830344,0.3239059431361432,Débil
ACCESO A AGUA POTABLE ADECUADO,FOSFORO TOTAL,-0.3333028854830344,-0.3239059431361432,0.3333028854830344,0.3239059431361432,Débil
DENSIDAD POBLACIONAL,FOSFORO TOTAL,-0.3333028854830344,-0.3239059431361432,0.3333028854830344,0.3239059431361432,Débil
Anio,pH,-0.3332232115737573,-0.17012623952134132,0.3332232115737573,0.17012623952134132,Débil
TEMPERATURA,TURBIDEZ,0.33143653943698737,0.36019574309427554,0.33143653943698737,0.36019574309427554,Débil
OXIGENO DISUELTO (OD),TURBIDEZ,-0.3302350290320422,-0.3783246757742376,0.3302350290320422,0.3783246757742376,Débil
ONI,OXIGENO DISUELTO (OD),0.3289291172526014,0.3548151719441107,0.3289291172526014,0.3548151719441107,Débil
Temp_Media_C,DEMANDA BIOQUIMICA DE OXIGENO (DBO5),-0.31801212077512186,-0.38273180412330515,0.31801212077512186,0.38273180412330515,Débil
CALIDAD DEL AGUA,TURBIDEZ,0.3114666913639133,0.14712247158412492,0.3114666913639133,0.14712247158412492,Débil
Temp_Min_C,FOSFORO TOTAL,0.30836255475324914,0.26954480646612505,0.30836255475324914,0.26954480646612505,Débil
COBERTURA DE ALCANTARILLADO URBANO,CONDUCTIVIDAD ELECTRICA,-0.3070864805356978,-0.3350801813242426,0.3070864805356978,0.3350801813242426,Débil
COBERTURA DE ACUEDUCTO RURAL,CONDUCTIVIDAD ELECTRICA,-0.3070864805356978,-0.3350801813242426,0.3070864805356978,0.3350801813242426,Débil
ACCESO A AGUA POTABLE ADECUADO,CONDUCTIVIDAD ELECTRICA,-0.3070864805356978,-0.3350801813242426,0.3070864805356978,0.3350801813242426,Débil
PORCENTAJE DE LA POBLACION CON ACCESO A METODOS DE SANEAMIENTO ADECUADOS,CONDUCTIVIDAD ELECTRICA,-0.3070864805356978,-0.3350801813242426,0.3070864805356978,0.3350801813242426,Débil
COBERTURA DE ACUEDUCTO URBANO,CONDUCTIVIDAD ELECTRICA,-0.3070864805356978,-0.3350801813242426,0.3070864805356978,0.3350801813242426,Débil
DENSIDAD POBLACIONAL,CONDUCTIVIDAD ELECTRICA,-0.3070864805356978,-0.3350801813242426,0.3070864805356978,0.3350801813242426,Débil
COBERTURA DE ALCANTARILLADO RURAL,CONDUCTIVIDAD ELECTRICA,-0.3070864805356978,-0.3350801813242426,0.3070864805356978,0.3350801813242426,Débil
Temp_Min_C,pH,-0.30317948856566224,-0.38729198285069055,0.30317948856566224,0.38729198285069055,Débil
AGUAS RESIDUALES TRATADAS,TURBIDEZ,0.30062677874863347,0.29277002188455997,0.30062677874863347,0.29277002188455997,Débil
Temp_Max_C,SOLIDOS SUSPENDIDOS TOTALES,0.3003575509374064,0.4628482249981693,0.3003575509374064,0.4628482249981693,Débil
Temp_Min_C,DEMANDA BIOQUIMICA DE OXIGENO (DBO5),-0.29822791960544387,-0.377934807473595,0.29822791960544387,0.377934807473595,Muy débil
TURBIDEZ,pH,-0.2966181541160521,-0.4739376392880904,0.2966181541160521,0.4739376392880904,Muy débil
ONI,FOSFORO TOTAL,-0.2963961843847241,-0.37638093671286127,0.2963961843847241,0.37638093671286127,Muy débil
DEMANDA QUIMICA DE OXIGENO (DQO),TEMPERATURA,0.2958232794126989,0.3203174847277507,0.2958232794126989,0.3203174847277507,Muy débil
AGUAS RESIDUALES TRATADAS,CONDUCTIVIDAD ELECTRICA,0.2934854366663909,0.26352313834736496,0.2934854366663909,0.26352313834736496,Muy débil
Temp_Max_C,TURBIDEZ,0.2915271996487829,0.3788596803662416,0.2915271996487829,0.3788596803662416,Muy débil
Temp_Min_C,SOLIDOS SUSPENDIDOS TOTALES,0.2903348421876958,0.3496313754461724,0.2903348421876958,0.3496313754461724,Muy débil
CONDUCTIVIDAD ELECTRICA,SOLIDOS SUSPENDIDOS TOTALES,0.2896624531891696,0.27298706050494964,0.2896624531891696,0.27298706050494964,Muy débil
AGUAS RESIDUALES TRATADAS,FOSFORO TOTAL,0.28892468630002816,0.26352313834736496,0.28892468630002816,0.26352313834736496,Muy débil
Temp_Max_C,DEMANDA BIOQUIMICA DE OXIGENO (DBO5),-0.28708489542854404,-0.35749849301016584,0.28708489542854404,0.35749849301016584,Muy débil
Radiacion_Solar,NITROGENO TOTAL,0.2843707277144987,0.36974997201264437,0.2843707277144987,0.36974997201264437,Muy débil
Precipitacion_mm,Temp_Max_C,-0.2820186709293169,-0.2877989391489498,0.2820186709293169,0.2877989391489498,Muy débil
CONDUCTIVIDAD ELECTRICA,pH,0.28127777658981534,0.4919678268139545,0.28127777658981534,0.4919678268139545,Muy débil
Temp_Media_C,DEMANDA QUIMICA DE OXIGENO (DQO),0.2807215190514399,0.35398591820440767,0.2807215190514399,0.35398591820440767,Muy débil
Anio,ONI,-0.2775895191376329,-0.25457649135534294,0.2775895191376329,0.25457649135534294,Muy débil
Temp_Min_C,Humedad_Relativa,-0.27436943033339906,-0.20511308510648119,0.27436943033339906,0.20511308510648119,Muy débil
Temp_Min_C,NITROGENO TOTAL,0.27360806638951196,0.17440571631242652,0.27360806638951196,0.17440571631242652,Muy débil
Anio,TURBIDEZ,0.2704284191327212,0.2431259817974645,0.2704284191327212,0.2431259817974645,Muy débil
Temp_Min_C,CONDUCTIVIDAD ELECTRICA,0.2672309711917507,0.16807529792718093,0.2672309711917507,0.16807529792718093,Muy débil
ONI,CONDUCTIVIDAD ELECTRICA,-0.2666707325613968,-0.36012085055377246,0.2666707325613968,0.36012085055377246,Muy débil
DEMANDA QUIMICA DE OXIGENO (DQO),SOLIDOS SUSPENDIDOS TOTALES,0.2650987377465772,0.2886892612988735,0.2650987377465772,0.2886892612988735,Muy débil
SOLIDOS SUSPENDIDOS TOTALES,TEMPERATURA,0.2648774906937833,0.3754293263962671,0.2648774906937833,0.3754293263962671,Muy débil
COBERTURA DE ACUEDUCTO URBANO,TURBIDEZ,-0.2635128105986094,-0.22377196625315499,0.2635128105986094,0.22377196625315499,Muy débil
PORCENTAJE DE LA POBLACION CON ACCESO A METODOS DE SANEAMIENTO ADECUADOS,TURBIDEZ,-0.2635128105986094,-0.22377196625315499,0.2635128105986094,0.22377196625315499,Muy débil
DENSIDAD POBLACIONAL,TURBIDEZ,-0.2635128105986094,-0.22377196625315499,0.2635128105986094,0.22377196625315499,Muy débil
ACCESO A AGUA POTABLE ADECUADO,TURBIDEZ,-0.2635128105986094,-0.22377196625315499,0.2635128105986094,0.22377196625315499,Muy débil
COBERTURA DE ALCANTARILLADO RURAL,TURBIDEZ,-0.2635128105986094,-0.22377196625315499,0.2635128105986094,0.22377196625315499,Muy débil
COBERTURA DE ALCANTARILLADO URBANO,TURBIDEZ,-0.2635128105986094,-0.22377196625315499,0.2635128105986094,0.22377196625315499,Muy débil
COBERTURA DE ACUEDUCTO RURAL,TURBIDEZ,-0.2635128105986094,-0.22377196625315499,0.2635128105986094,0.22377196625315499,Muy débil
Mes,SOLIDOS SUSPENDIDOS TOTALES,0.2614224274871692,0.2115463100131904,0.2614224274871692,0.2115463100131904,Muy débil
Temp_Max_C,Nivel_Minimo,0.26009675687083067,0.34174037072740204,0.26009675687083067,0.34174037072740204,Muy débil
COBERTURA DE ACUEDUCTO RURAL,pH,0.25826663158179086,0.0736986803191156,0.25826663158179086,0.0736986803191156,Muy débil
COBERTURA DE ALCANTARILLADO URBANO,pH,0.25826663158179086,0.0736986803191156,0.25826663158179086,0.0736986803191156,Muy débil
DENSIDAD POBLACIONAL,pH,0.25826663158179086,0.0736986803191156,0.25826663158179086,0.0736986803191156,Muy débil
COBERTURA DE ACUEDUCTO URBANO,pH,0.25826663158179086,0.0736986803191156,0.25826663158179086,0.0736986803191156,Muy débil
ACCESO A AGUA POTABLE ADECUADO,pH,0.25826663158179086,0.0736986803191156,0.25826663158179086,0.0736986803191156,Muy débil
PORCENTAJE DE LA POBLACION CON ACCESO A METODOS DE SANEAMIENTO ADECUADOS,pH,0.25826663158179086,0.0736986803191156,0.25826663158179086,0.0736986803191156,Muy débil
COBERTURA DE ALCANTARILLADO RURAL,pH,0.25826663158179086,0.0736986803191156,0.25826663158179086,0.0736986803191156,Muy débil
Temp_Min_C,Velocidad_Viento,-0.2478781586711235,-0.26426872943860763,0.2478781586711235,0.26426872943860763,Muy débil
Precipitacion_mm,SOLIDOS SUSPENDIDOS TOTALES,-0.24152727400009172,-0.16521384379609902,0.24152727400009172,0.16521384379609902,Muy débil
irca,PORCENTAJE DE LA POBLACION CON ACCESO A METODOS DE SANEAMIENTO ADECUADOS,0.2390457218668786,0.23904572186687872,0.2390457218668786,0.23904572186687872,Muy débil
irca,COBERTURA DE ALCANTARILLADO RURAL,0.2390457218668786,0.23904572186687872,0.2390457218668786,0.23904572186687872,Muy débil
irca,COBERTURA DE ALCANTARILLADO URBANO,0.2390457218668786,0.23904572186687872,0.2390457218668786,0.23904572186687872,Muy débil
irca,ACCESO A AGUA POTABLE ADECUADO,0.2390457218668786,0.23904572186687872,0.2390457218668786,0.23904572186687872,Muy débil
irca,DENSIDAD POBLACIONAL,0.2390457218668786,0.23904572186687872,0.2390457218668786,0.23904572186687872,Muy débil
irca,COBERTURA DE ACUEDUCTO RURAL,0.2390457218668786,0.23904572186687872,0.2390457218668786,0.23904572186687872,Muy débil
irca,COBERTURA DE ACUEDUCTO URBANO,0.2390457218668786,0.23904572186687872,0.2390457218668786,0.23904572186687872,Muy débil
Temp_Media_C,pH,-0.23868304603061988,-0.018346861363075045,0.23868304603061988,0.018346861363075045,Muy débil
ONI,DEMANDA QUIMICA DE OXIGENO (DQO),-0.23783307832043124,-0.28936308068009986,0.23783307832043124,0.28936308068009986,Muy débil
DENSIDAD POBLACIONAL,NITROGENO TOTAL,0.2325600442419217,0.16279138551129593,0.2325600442419217,0.16279138551129593,Muy débil
ACCESO A AGUA POTABLE ADECUADO,NITROGENO TOTAL,0.2325600442419217,0.16279138551129593,0.2325600442419217,0.16279138551129593,Muy débil
PORCENTAJE DE LA POBLACION CON ACCESO A METODOS DE SANEAMIENTO ADECUADOS,NITROGENO TOTAL,0.2325600442419217,0.16279138551129593,0.2325600442419217,0.16279138551129593,Muy débil
COBERTURA DE ACUEDUCTO URBANO,NITROGENO TOTAL,0.2325600442419217,0.16279138551129593,0.2325600442419217,0.16279138551129593,Muy débil
COBERTURA DE ALCANTARILLADO URBANO,NITROGENO TOTAL,0.2325600442419217,0.16279138551129593,0.2325600442419217,0.16279138551129593,Muy débil
COBERTURA DE ACUEDUCTO RURAL,NITROGENO TOTAL,0.2325600442419217,0.16279138551129593,0.2325600442419217,0.16279138551129593,Muy débil
COBERTURA DE ALCANTARILLADO RURAL,NITROGENO TOTAL,0.2325600442419217,0.16279138551129593,0.2325600442419217,0.16279138551129593,Muy débil
VolumenUtilDiarioMasa,COBERTURA DE ACUEDUCTO RURAL,0.22792115291927584,0.2279211529192759,0.22792115291927584,0.2279211529192759,Muy débil
VolumenUtilDiarioMasa,DENSIDAD POBLACIONAL,0.22792115291927584,0.2279211529192759,0.22792115291927584,0.2279211529192759,Muy débil
VolumenUtilDiarioMasa,COBERTURA DE ALCANTARILLADO URBANO,0.22792115291927584,0.2279211529192759,0.22792115291927584,0.2279211529192759,Muy débil
VolumenUtilDiarioMasa,COBERTURA DE ALCANTARILLADO RURAL,0.22792115291927584,0.2279211529192759,0.22792115291927584,0.2279211529192759,Muy débil
VolumenUtilDiarioMasa,COBERTURA DE ACUEDUCTO URBANO,0.22792115291927584,0.2279211529192759,0.22792115291927584,0.2279211529192759,Muy débil
VolumenUtilDiarioMasa,PORCENTAJE DE LA POBLACION CON ACCESO A METODOS DE SANEAMIENTO ADECUADOS,0.22792115291927584,0.2279211529192759,0.22792115291927584,0.2279211529192759,Muy débil
VolumenUtilDiarioMasa,ACCESO A AGUA POTABLE ADECUADO,0.22792115291927584,0.2279211529192759,0.22792115291927584,0.2279211529192759,Muy débil
Velocidad_Viento,Nivel_Minimo,0.22582883377389704,0.2736839279427646,0.22582883377389704,0.2736839279427646,Muy débil
Radiacion_Solar,CALIDAD DEL AGUA,-0.22530700043504343,-0.19958086938672406,0.22530700043504343,0.19958086938672406,Muy débil
NITROGENO TOTAL,TURBIDEZ,-0.2241094703960092,-0.2802197802197802,0.2241094703960092,0.2802197802197802,Muy débil
CALIDAD DEL AGUA,DEMANDA QUIMICA DE OXIGENO (DQO),0.22205279313718043,0.39665625210776945,0.22205279313718043,0.39665625210776945,Muy débil
Temp_Media_C,Nivel_Minimo,0.221975535599313,0.5123188175142963,0.221975535599313,0.5123188175142963,Muy débil
Radiacion_Solar,pH,-0.2158522178000301,-0.09213812356402239,0.2158522178000301,0.09213812356402239,Muy débil
Humedad_Relativa,SOLIDOS SUSPENDIDOS TOTALES,-0.2147396005083426,-0.28845877058469827,0.2147396005083426,0.28845877058469827,Muy débil
Radiacion_Solar,OXIGENO DISUELTO (OD),-0.20954481954003765,-0.27266178483522135,0.20954481954003765,0.27266178483522135,Muy débil
Radiacion_Solar,INDICE DE DESEMPENO INSTITUCIONAL,-0.2085481362621982,-0.18630338983326702,0.2085481362621982,0.18630338983326702,Muy débil
AGUAS RESIDUALES TRATADAS,NITROGENO TOTAL,0.2084213568812839,0.15811388300841897,0.2084213568812839,0.15811388300841897,Muy débil
DEMANDA BIOQUIMICA DE OXIGENO (DBO5),OXIGENO DISUELTO (OD),0.20536503638940729,0.16309788609014617,0.20536503638940729,0.16309788609014617,Muy débil
Anio,NITROGENO TOTAL,-0.20392155715263427,-0.21083872751845711,0.20392155715263427,0.21083872751845711,Muy débil
CONDUCTIVIDAD ELECTRICA,TURBIDEZ,-0.20384745837203375,-0.16842427808073987,0.20384745837203375,0.16842427808073987,Muy débil
Anio,DEMANDA QUIMICA DE OXIGENO (DQO),0.20365469074483278,0.24925372077396837,0.20365469074483278,0.24925372077396837,Muy débil
Humedad_Relativa,pH,-0.2031628183847655,-0.3828162538070485,0.2031628183847655,0.3828162538070485,Muy débil
Velocidad_Viento,Radiacion_Solar,-0.20212897641485128,-0.16048319407876124,0.20212897641485128,0.16048319407876124,Muy débil
ONI,NITROGENO TOTAL,-0.20160640215049233,-0.3002001735712182,0.20160640215049233,0.3002001735712182,Muy débil
NITROGENO TOTAL,SOLIDOS SUSPENDIDOS TOTALES,0.20033778165973712,0.26666671728429825,0.20033778165973712,0.26666671728429825,Muy débil
Humedad_Relativa,INDICE DE DESEMPENO INSTITUCIONAL,0.19752763247983757,-0.016140933796172343,0.19752763247983757,0.016140933796172343,Muy débil
Precipitacion_mm,AGUAS RESIDUALES TRATADAS,0.1953477853963362,0.2518273815507985,0.1953477853963362,0.2518273815507985,Muy débil
Mes,NITROGENO TOTAL,0.1953094363860313,0.22137976027297948,0.1953094363860313,0.22137976027297948,Muy débil
Temp_Min_C,Radiacion_Solar,0.1910191235158148,0.21275385591057225,0.1910191235158148,0.21275385591057225,Muy débil
Velocidad_Viento,TEMPERATURA,-0.18649792690309433,-0.1968011602864174,0.18649792690309433,0.1968011602864174,Muy débil
Mes,DEMANDA BIOQUIMICA DE OXIGENO (DBO5),-0.18186110806292308,-0.3118248045944081,0.18186110806292308,0.3118248045944081,Muy débil
Humedad_Relativa,Mes,0.1758569459675225,0.1895590518709039,0.1758569459675225,0.1895590518709039,Muy débil
FOSFORO TOTAL,pH,0.17413651396339963,0.28247722584408985,0.17413651396339963,0.28247722584408985,Muy débil
Velocidad_Viento,ONI,0.16704216970756178,0.16410580740272984,0.16704216970756178,0.16410580740272984,Muy débil
INDICE DE DESEMPENO INSTITUCIONAL,pH,0.1652778465405537,0.5,0.1652778465405537,0.5,Muy débil
Temp_Media_C,Velocidad_Viento,-0.1621828353382299,-0.11719869673614003,0.1621828353382299,0.11719869673614003,Muy débil
ONI,COBERTURA DE ACUEDUCTO URBANO,0.1621212068381967,0.21823183873681581,0.1621212068381967,0.21823183873681581,Muy débil
ONI,COBERTURA DE ACUEDUCTO RURAL,0.1621212068381967,0.21823183873681581,0.1621212068381967,0.21823183873681581,Muy débil
ONI,COBERTURA DE ALCANTARILLADO URBANO,0.1621212068381967,0.21823183873681581,0.1621212068381967,0.21823183873681581,Muy débil
ONI,DENSIDAD POBLACIONAL,0.1621212068381967,0.21823183873681581,0.1621212068381967,0.21823183873681581,Muy débil
ONI,ACCESO A AGUA POTABLE ADECUADO,0.1621212068381967,0.21823183873681581,0.1621212068381967,0.21823183873681581,Muy débil
ONI,COBERTURA DE ALCANTARILLADO RURAL,0.1621212068381967,0.21823183873681581,0.1621212068381967,0.21823183873681581,Muy débil
ONI,PORCENTAJE DE LA POBLACION CON ACCESO A METODOS DE SANEAMIENTO ADECUADOS,0.1621212068381967,0.21823183873681581,0.1621212068381967,0.21823183873681581,Muy débil
Precipitacion_mm,OXIGENO DISUELTO (OD),0.16113045368517584,0.1601594398205319,0.16113045368517584,0.1601594398205319,Muy débil
Humedad_Relativa,VolumenUtilDiarioMasa,0.15806942566954807,0.18432885906344543,0.15806942566954807,0.18432885906344543,Muy débil
Anio,Nivel_Minimo,0.1542058308876453,0.502668768982242,0.1542058308876453,0.502668768982242,Muy débil
CALIDAD DEL AGUA,SOLIDOS SUSPENDIDOS TOTALES,0.15125859992725216,0.09283444198266944,0.15125859992725216,0.09283444198266944,Muy débil
DEMANDA BIOQUIMICA DE OXIGENO (DBO5),SOLIDOS SUSPENDIDOS TOTALES,-0.1510528106086678,-0.2174811062463569,0.1510528106086678,0.2174811062463569,Muy débil
ONI,irca,-0.14852622872518934,-0.12483616290097144,0.14852622872518934,0.12483616290097144,Muy débil
Radiacion_Solar,TURBIDEZ,0.14774168966717713,0.16934128866920123,0.14774168966717713,0.16934128866920123,Muy débil
Humedad_Relativa,irca,0.1462457652489939,0.16710102336277383,0.1462457652489939,0.16710102336277383,Muy débil
AGUAS RESIDUALES TRATADAS,DEMANDA QUIMICA DE OXIGENO (DQO),0.1460165044151489,0.21081851067789195,0.1460165044151489,0.21081851067789195,Muy débil
Humedad_Relativa,Velocidad_Viento,-0.14499949591095768,-0.14423687850739275,0.14499949591095768,0.14423687850739275,Muy débil
Precipitacion_mm,pH,-0.14235641126881443,-0.3810301384168211,0.14235641126881443,0.3810301384168211,Muy débil
Mes,FOSFORO TOTAL,0.14155659822829125,0.1345407351317453,0.14155659822829125,0.1345407351317453,Muy débil
Mes,CONDUCTIVIDAD ELECTRICA,0.14154843495538616,0.13755340490766205,0.14154843495538616,0.13755340490766205,Muy débil
Radiacion_Solar,CONDUCTIVIDAD ELECTRICA,0.1396577521771733,0.22425508422032228,0.1396577521771733,0.22425508422032228,Muy débil
Nivel_Minimo,FOSFORO TOTAL,0.13732562383426664,-0.16783216783216784,0.13732562383426664,0.16783216783216784,Muy débil
Precipitacion_mm,VolumenUtilDiarioMasa,0.13636143581584856,0.09450227822415139,0.13636143581584856,0.09450227822415139,Muy débil
Temp_Max_C,Mes,-0.13582942924057997,-0.12868017516463698,0.13582942924057997,0.12868017516463698,Muy débil
ONI,VolumenUtilDiarioMasa,-0.1332610346841787,-0.10574814505156534,0.1332610346841787,0.10574814505156534,Muy débil
Temp_Min_C,Nivel_Minimo,0.12328973861871034,0.65295744613665,0.12328973861871034,0.65295744613665,Muy débil
Temp_Min_C,DEMANDA QUIMICA DE OXIGENO (DQO),0.12254006007232042,0.03950088097922837,0.12254006007232042,0.03950088097922837,Muy débil
Anio,SOLIDOS SUSPENDIDOS TOTALES,0.1175076190483013,0.1886004847489863,0.1175076190483013,0.1886004847489863,Muy débil
Humedad_Relativa,DEMANDA BIOQUIMICA DE OXIGENO (DBO5),-0.11449620709207939,-0.03871861581551789,0.11449620709207939,0.03871861581551789,Muy débil
Precipitacion_mm,irca,0.11014159751060132,0.06844400528290401,0.11014159751060132,0.06844400528290401,Muy débil
Temp_Max_C,COBERTURA DE ACUEDUCTO RURAL,-0.10994279429287605,-0.11019443483867034,0.10994279429287605,0.11019443483867034,Muy débil
Temp_Max_C,DENSIDAD POBLACIONAL,-0.10994279429287605,-0.11019443483867034,0.10994279429287605,0.11019443483867034,Muy débil
Temp_Max_C,COBERTURA DE ALCANTARILLADO URBANO,-0.10994279429287605,-0.11019443483867034,0.10994279429287605,0.11019443483867034,Muy débil
Temp_Max_C,COBERTURA DE ACUEDUCTO URBANO,-0.10994279429287605,-0.11019443483867034,0.10994279429287605,0.11019443483867034,Muy débil
Temp_Max_C,COBERTURA DE ALCANTARILLADO RURAL,-0.10994279429287605,-0.11019443483867034,0.10994279429287605,0.11019443483867034,Muy débil
Temp_Max_C,ACCESO A AGUA POTABLE ADECUADO,-0.10994279429287605,-0.11019443483867034,0.10994279429287605,0.11019443483867034,Muy débil
Temp_Max_C,PORCENTAJE DE LA POBLACION CON ACCESO A METODOS DE SANEAMIENTO ADECUADOS,-0.10994279429287605,-0.11019443483867034,0.10994279429287605,0.11019443483867034,Muy débil
Temp_Max_C,pH,-0.10883080969910734,0.06202872107437545,0.10883080969910734,0.06202872107437545,Muy débil
Precipitacion_mm,DEMANDA QUIMICA DE OXIGENO (DQO),-0.10846766064048577,-0.14482917378139232,0.10846766064048577,0.14482917378139232,Muy débil
Temp_Min_C,INDICE DE DESEMPENO INSTITUCIONAL,0.10680196313697461,0.2353950062184357,0.10680196313697461,0.2353950062184357,Muy débil
Precipitacion_mm,Temp_Min_C,0.10549513441168241,0.08783863957894608,0.10549513441168241,0.08783863957894608,Muy débil
Radiacion_Solar,VolumenUtilDiarioMasa,-0.10333447226642918,-0.11392466771202275,0.10333447226642918,0.11392466771202275,Muy débil
Humedad_Relativa,COBERTURA DE ALCANTARILLADO URBANO,0.1027990213387199,0.11610954958047447,0.1027990213387199,0.11610954958047447,Muy débil
Humedad_Relativa,DENSIDAD POBLACIONAL,0.1027990213387199,0.11610954958047447,0.1027990213387199,0.11610954958047447,Muy débil
Humedad_Relativa,COBERTURA DE ALCANTARILLADO RURAL,0.1027990213387199,0.11610954958047447,0.1027990213387199,0.11610954958047447,Muy débil
Humedad_Relativa,PORCENTAJE DE LA POBLACION CON ACCESO A METODOS DE SANEAMIENTO ADECUADOS,0.1027990213387199,0.11610954958047447,0.1027990213387199,0.11610954958047447,Muy débil
Humedad_Relativa,COBERTURA DE ACUEDUCTO URBANO,0.1027990213387199,0.11610954958047447,0.1027990213387199,0.11610954958047447,Muy débil
Humedad_Relativa,ACCESO A AGUA POTABLE ADECUADO,0.1027990213387199,0.11610954958047447,0.1027990213387199,0.11610954958047447,Muy débil
Humedad_Relativa,COBERTURA DE ACUEDUCTO RURAL,0.1027990213387199,0.11610954958047447,0.1027990213387199,0.11610954958047447,Muy débil
Precipitacion_mm,Velocidad_Viento,-0.10258977305177495,-0.15402625979104215,0.10258977305177495,0.15402625979104215,Muy débil
ONI,TEMPERATURA,-0.1016810236171298,-0.17884402668164678,0.1016810236171298,0.17884402668164678,Muy débil
Precipitacion_mm,Temp_Media_C,-0.10130671956959698,-0.14220406143527553,0.10130671956959698,0.14220406143527553,Muy débil
Precipitacion_mm,INDICE DE DESEMPENO INSTITUCIONAL,0.10122409360522729,0.03900831531619792,0.10122409360522729,0.03900831531619792,Muy débil
Temp_Max_C,Velocidad_Viento,-0.09954136955647813,-0.07837230195870237,0.09954136955647813,0.07837230195870237,Muy débil
Radiacion_Solar,SOLIDOS SUSPENDIDOS TOTALES,0.09522497073246504,0.3397051089486465,0.09522497073246504,0.3397051089486465,Muy débil
DEMANDA BIOQUIMICA DE OXIGENO (DBO5),FOSFORO TOTAL,0.09314795468007303,0.06250001860545146,0.09314795468007303,0.06250001860545146,Muy débil
Precipitacion_mm,TEMPERATURA,-0.09301184577929325,-0.14144373730111756,0.09301184577929325,0.14144373730111756,Muy débil
Radiacion_Solar,Nivel_Minimo,0.0912123194292248,-0.2812638121261479,0.0912123194292248,0.2812638121261479,Muy débil
Velocidad_Viento,Mes,-0.09066611260102497,-0.14216935543291884,0.09066611260102497,0.14216935543291884,Muy débil
OXIGENO DISUELTO (OD),pH,0.08999577838185986,-0.05247232296606844,0.08999577838185986,0.05247232296606844,Muy débil
Radiacion_Solar,DEMANDA QUIMICA DE OXIGENO (DQO),-0.08850673278978746,0.0036744068129696654,0.08850673278978746,0.0036744068129696654,Muy débil
Radiacion_Solar,ONI,0.08737009277710962,-0.00893514196721569,0.08737009277710962,0.00893514196721569,Muy débil
AGUAS RESIDUALES TRATADAS,SOLIDOS SUSPENDIDOS TOTALES,-0.08690556751438384,0.15811388300841897,0.08690556751438384,0.15811388300841897,Muy débil
Nivel_Minimo,DEMANDA QUIMICA DE OXIGENO (DQO),-0.08620458651619557,-0.4203158810030077,0.08620458651619557,0.4203158810030077,Muy débil
Velocidad_Viento,AGUAS RESIDUALES TRATADAS,0.08606843164547551,0.18884605098204563,0.08606843164547551,0.18884605098204563,Muy débil
Temp_Max_C,VolumenUtilDiarioMasa,-0.08431672051741639,-0.08276826150638558,0.08431672051741639,0.08276826150638558,Muy débil
Mes,ONI,-0.08315597549364631,-0.14946189570038834,0.08315597549364631,0.14946189570038834,Muy débil
Velocidad_Viento,OXIGENO DISUELTO (OD),0.08313582334585631,-0.029101262391064926,0.08313582334585631,0.029101262391064926,Muy débil
ONI,TURBIDEZ,-0.08287207166646829,-0.14816553843036273,0.08287207166646829,0.14816553843036273,Muy débil
Velocidad_Viento,pH,-0.08123228339736832,0.011761040542366409,0.08123228339736832,0.011761040542366409,Muy débil
Precipitacion_mm,Nivel_Minimo,-0.07992761053151042,0.4377696875109977,0.07992761053151042,0.4377696875109977,Muy débil
Temp_Max_C,irca,-0.07950600098085515,-0.07702390378756885,0.07950600098085515,0.07702390378756885,Muy débil
Velocidad_Viento,DEMANDA QUIMICA DE OXIGENO (DQO),-0.0785946131058827,0.11289424345339058,0.0785946131058827,0.11289424345339058,Muy débil
Mes,pH,-0.0765574434795979,0.02515578102965702,0.0765574434795979,0.02515578102965702,Muy débil
Temp_Max_C,ONI,0.07572001857998817,0.02191633582910032,0.07572001857998817,0.02191633582910032,Muy débil
TEMPERATURA,pH,0.07568833677591913,0.0791603623833468,0.07568833677591913,0.0791603623833468,Muy débil
Radiacion_Solar,irca,-0.0747659461470835,-0.08067647901768621,0.0747659461470835,0.08067647901768621,Muy débil
Temp_Media_C,ONI,0.07270732474520589,0.05722921123487956,0.07270732474520589,0.05722921123487956,Muy débil
Mes,TEMPERATURA,0.07253580386781933,0.10636892078176771,0.07253580386781933,0.10636892078176771,Muy débil
Precipitacion_mm,CALIDAD DEL AGUA,0.07240075620425043,0.143960588065884,0.07240075620425043,0.143960588065884,Muy débil
Precipitacion_mm,Mes,0.07127110478576469,0.11666656150343922,0.07127110478576469,0.11666656150343922,Muy débil
Mes,OXIGENO DISUELTO (OD),-0.07024600869475402,-0.06527272087833173,0.07024600869475402,0.06527272087833173,Muy débil
Humedad_Relativa,ONI,-0.06900551928004676,0.021612369286138616,0.06900551928004676,0.021612369286138616,Muy débil
Precipitacion_mm,Anio,0.06866410609952918,0.039822359648625925,0.06866410609952918,0.039822359648625925,Muy débil
AGUAS RESIDUALES TRATADAS,pH,-0.06849026520699615,-0.21081851067789195,0.06849026520699615,0.21081851067789195,Muy débil
COBERTURA DE ALCANTARILLADO RURAL,DEMANDA QUIMICA DE OXIGENO (DQO),-0.0671354092828894,-0.16051925176212506,0.0671354092828894,0.16051925176212506,Muy débil
COBERTURA DE ACUEDUCTO URBANO,DEMANDA QUIMICA DE OXIGENO (DQO),-0.0671354092828894,-0.16051925176212506,0.0671354092828894,0.16051925176212506,Muy débil
PORCENTAJE DE LA POBLACION CON ACCESO A METODOS DE SANEAMIENTO ADECUADOS,DEMANDA QUIMICA DE OXIGENO (DQO),-0.0671354092828894,-0.16051925176212506,0.0671354092828894,0.16051925176212506,Muy débil
ACCESO A AGUA POTABLE ADECUADO,DEMANDA QUIMICA DE OXIGENO (DQO),-0.0671354092828894,-0.16051925176212506,0.0671354092828894,0.16051925176212506,Muy débil
COBERTURA DE ACUEDUCTO RURAL,DEMANDA QUIMICA DE OXIGENO (DQO),-0.0671354092828894,-0.16051925176212506,0.0671354092828894,0.16051925176212506,Muy débil
COBERTURA DE ALCANTARILLADO URBANO,DEMANDA QUIMICA DE OXIGENO (DQO),-0.0671354092828894,-0.16051925176212506,0.0671354092828894,0.16051925176212506,Muy débil
DENSIDAD POBLACIONAL,DEMANDA QUIMICA DE OXIGENO (DQO),-0.0671354092828894,-0.16051925176212506,0.0671354092828894,0.16051925176212506,Muy débil
Temp_Media_C,COBERTURA DE ACUEDUCTO RURAL,-0.06649997879521374,-0.08724386798967174,0.06649997879521374,0.08724386798967174,Muy débil
Temp_Media_C,COBERTURA DE ALCANTARILLADO URBANO,-0.06649997879521374,-0.08724386798967174,0.06649997879521374,0.08724386798967174,Muy débil
Temp_Media_C,PORCENTAJE DE LA POBLACION CON ACCESO A METODOS DE SANEAMIENTO ADECUADOS,-0.06649997879521374,-0.08724386798967174,0.06649997879521374,0.08724386798967174,Muy débil
Temp_Media_C,COBERTURA DE ACUEDUCTO URBANO,-0.06649997879521374,-0.08724386798967174,0.06649997879521374,0.08724386798967174,Muy débil
Temp_Media_C,COBERTURA DE ALCANTARILLADO RURAL,-0.06649997879521374,-0.08724386798967174,0.06649997879521374,0.08724386798967174,Muy débil
Temp_Media_C,ACCESO A AGUA POTABLE ADECUADO,-0.06649997879521374,-0.08724386798967174,0.06649997879521374,0.08724386798967174,Muy débil
Temp_Media_C,DENSIDAD POBLACIONAL,-0.06649997879521374,-0.08724386798967174,0.06649997879521374,0.08724386798967174,Muy débil
Precipitacion_mm,COBERTURA DE ALCANTARILLADO RURAL,0.06527344244900998,0.06440917038609663,0.06527344244900998,0.06440917038609663,Muy débil
Precipitacion_mm,COBERTURA DE ACUEDUCTO URBANO,0.06527344244900998,0.06440917038609663,0.06527344244900998,0.06440917038609663,Muy débil
Precipitacion_mm,COBERTURA DE ACUEDUCTO RURAL,0.06527344244900998,0.06440917038609663,0.06527344244900998,0.06440917038609663,Muy débil
Precipitacion_mm,DENSIDAD POBLACIONAL,0.06527344244900998,0.06440917038609663,0.06527344244900998,0.06440917038609663,Muy débil
Precipitacion_mm,ACCESO A AGUA POTABLE ADECUADO,0.06527344244900998,0.06440917038609663,0.06527344244900998,0.06440917038609663,Muy débil
Precipitacion_mm,PORCENTAJE DE LA POBLACION CON ACCESO A METODOS DE SANEAMIENTO ADECUADOS,0.06527344244900998,0.06440917038609663,0.06527344244900998,0.06440917038609663,Muy débil
Precipitacion_mm,COBERTURA DE ALCANTARILLADO URBANO,0.06527344244900998,0.06440917038609663,0.06527344244900998,0.06440917038609663,Muy débil
Anio,TEMPERATURA,-0.06342495560000574,-0.06250577571508897,0.06342495560000574,0.06250577571508897,Muy débil
Humedad_Relativa,Anio,0.06234290888318597,0.05199362134073798,0.06234290888318597,0.05199362134073798,Muy débil
Velocidad_Viento,irca,0.0620151726850936,0.056068368653167555,0.0620151726850936,0.056068368653167555,Muy débil
DEMANDA BIOQUIMICA DE OXIGENO (DBO5),TURBIDEZ,-0.059890838132137365,-0.2506002995815371,0.059890838132137365,0.2506002995815371,Muy débil
Velocidad_Viento,VolumenUtilDiarioMasa,0.058232588307249346,0.0460886543068027,0.058232588307249346,0.0460886543068027,Muy débil
Radiacion_Solar,FOSFORO TOTAL,0.05761111201494773,0.19758630528454293,0.05761111201494773,0.19758630528454293,Muy débil
Radiacion_Solar,AGUAS RESIDUALES TRATADAS,0.05661143453254646,-0.09078105095880923,0.05661143453254646,0.09078105095880923,Muy débil
Temp_Media_C,Mes,-0.05541095632528439,-0.06808013258097595,0.05541095632528439,0.06808013258097595,Muy débil
COBERTURA DE ALCANTARILLADO RURAL,SOLIDOS SUSPENDIDOS TOTALES,-0.05523024194740583,-0.16131052006886915,0.05523024194740583,0.16131052006886915,Muy débil
COBERTURA DE ACUEDUCTO URBANO,SOLIDOS SUSPENDIDOS TOTALES,-0.05523024194740583,-0.16131052006886915,0.05523024194740583,0.16131052006886915,Muy débil
DENSIDAD POBLACIONAL,SOLIDOS SUSPENDIDOS TOTALES,-0.05523024194740583,-0.16131052006886915,0.05523024194740583,0.16131052006886915,Muy débil
ACCESO A AGUA POTABLE ADECUADO,SOLIDOS SUSPENDIDOS TOTALES,-0.05523024194740583,-0.16131052006886915,0.05523024194740583,0.16131052006886915,Muy débil
COBERTURA DE ACUEDUCTO RURAL,SOLIDOS SUSPENDIDOS TOTALES,-0.05523024194740583,-0.16131052006886915,0.05523024194740583,0.16131052006886915,Muy débil
PORCENTAJE DE LA POBLACION CON ACCESO A METODOS DE SANEAMIENTO ADECUADOS,SOLIDOS SUSPENDIDOS TOTALES,-0.05523024194740583,-0.16131052006886915,0.05523024194740583,0.16131052006886915,Muy débil
COBERTURA DE ALCANTARILLADO URBANO,SOLIDOS SUSPENDIDOS TOTALES,-0.05523024194740583,-0.16131052006886915,0.05523024194740583,0.16131052006886915,Muy débil
Mes,Nivel_Minimo,0.05494726666056572,0.0946805379389849,0.05494726666056572,0.0946805379389849,Muy débil
Radiacion_Solar,COBERTURA DE ACUEDUCTO URBANO,-0.053082683571661474,-0.05629849683222946,0.053082683571661474,0.05629849683222946,Muy débil
Radiacion_Solar,PORCENTAJE DE LA POBLACION CON ACCESO A METODOS DE SANEAMIENTO ADECUADOS,-0.053082683571661474,-0.05629849683222946,0.053082683571661474,0.05629849683222946,Muy débil
Radiacion_Solar,ACCESO A AGUA POTABLE ADECUADO,-0.053082683571661474,-0.05629849683222946,0.053082683571661474,0.05629849683222946,Muy débil
Radiacion_Solar,COBERTURA DE ALCANTARILLADO URBANO,-0.053082683571661474,-0.05629849683222946,0.053082683571661474,0.05629849683222946,Muy débil
Radiacion_Solar,COBERTURA DE ACUEDUCTO RURAL,-0.053082683571661474,-0.05629849683222946,0.053082683571661474,0.05629849683222946,Muy débil
Radiacion_Solar,COBERTURA DE ALCANTARILLADO RURAL,-0.053082683571661474,-0.05629849683222946,0.053082683571661474,0.05629849683222946,Muy débil
Radiacion_Solar,DENSIDAD POBLACIONAL,-0.053082683571661474,-0.05629849683222946,0.053082683571661474,0.05629849683222946,Muy débil
ONI,Nivel_Minimo,-0.051612504527523854,-0.12337305775189406,0.051612504527523854,0.12337305775189406,Muy débil
Mes,VolumenUtilDiarioMasa,0.04367131467411464,0.04367131467411467,0.04367131467411464,0.04367131467411467,Muy débil
Anio,CALIDAD DEL AGUA,-0.043069359429804555,-0.10910894511799618,0.043069359429804555,0.10910894511799618,Muy débil
Velocidad_Viento,FOSFORO TOTAL,-0.042809007208699366,0.02036906913300029,0.042809007208699366,0.02036906913300029,Muy débil
Temp_Media_C,Anio,0.04278779387334351,0.05857551777755171,0.04278779387334351,0.05857551777755171,Muy débil
Humedad_Relativa,CALIDAD DEL AGUA,0.04102560935223377,0.10015719545780305,0.04102560935223377,0.10015719545780305,Muy débil
Temp_Min_C,Anio,0.03956378221170877,0.03785573603984627,0.03956378221170877,0.03785573603984627,Muy débil
Precipitacion_mm,ONI,-0.03855133467318509,0.05049170319524004,0.03855133467318509,0.05049170319524004,Muy débil
Temp_Min_C,COBERTURA DE ACUEDUCTO RURAL,-0.037117449937592376,-0.036821878773490836,0.037117449937592376,0.036821878773490836,Muy débil
Temp_Min_C,COBERTURA DE ALCANTARILLADO URBANO,-0.037117449937592376,-0.036821878773490836,0.037117449937592376,0.036821878773490836,Muy débil
Temp_Min_C,ACCESO A AGUA POTABLE ADECUADO,-0.037117449937592376,-0.036821878773490836,0.037117449937592376,0.036821878773490836,Muy débil
Temp_Min_C,COBERTURA DE ALCANTARILLADO RURAL,-0.037117449937592376,-0.036821878773490836,0.037117449937592376,0.036821878773490836,Muy débil
Temp_Min_C,DENSIDAD POBLACIONAL,-0.037117449937592376,-0.036821878773490836,0.037117449937592376,0.036821878773490836,Muy débil
Temp_Min_C,COBERTURA DE ACUEDUCTO URBANO,-0.037117449937592376,-0.036821878773490836,0.037117449937592376,0.036821878773490836,Muy débil
Temp_Min_C,PORCENTAJE DE LA POBLACION CON ACCESO A METODOS DE SANEAMIENTO ADECUADOS,-0.037117449937592376,-0.036821878773490836,0.037117449937592376,0.036821878773490836,Muy débil
Velocidad_Viento,CONDUCTIVIDAD ELECTRICA,-0.036985257078815115,-0.007935945659378423,0.036985257078815115,0.007935945659378423,Muy débil
Temp_Min_C,VolumenUtilDiarioMasa,0.03667409509603231,0.035382188229041815,0.03667409509603231,0.035382188229041815,Muy débil
Velocidad_Viento,COBERTURA DE ALCANTARILLADO RURAL,-0.034265120472465015,-0.05664199358417291,0.034265120472465015,0.05664199358417291,Muy débil
Velocidad_Viento,COBERTURA DE ALCANTARILLADO URBANO,-0.034265120472465015,-0.05664199358417291,0.034265120472465015,0.05664199358417291,Muy débil
Velocidad_Viento,COBERTURA DE ACUEDUCTO RURAL,-0.034265120472465015,-0.05664199358417291,0.034265120472465015,0.05664199358417291,Muy débil
Velocidad_Viento,PORCENTAJE DE LA POBLACION CON ACCESO A METODOS DE SANEAMIENTO ADECUADOS,-0.034265120472465015,-0.05664199358417291,0.034265120472465015,0.05664199358417291,Muy débil
Velocidad_Viento,ACCESO A AGUA POTABLE ADECUADO,-0.034265120472465015,-0.05664199358417291,0.034265120472465015,0.05664199358417291,Muy débil
Velocidad_Viento,DENSIDAD POBLACIONAL,-0.034265120472465015,-0.05664199358417291,0.034265120472465015,0.05664199358417291,Muy débil
Velocidad_Viento,COBERTURA DE ACUEDUCTO URBANO,-0.034265120472465015,-0.05664199358417291,0.034265120472465015,0.05664199358417291,Muy débil
Velocidad_Viento,DEMANDA BIOQUIMICA DE OXIGENO (DBO5),-0.03327154804619573,0.22321428571428573,0.03327154804619573,0.22321428571428573,Muy débil
Temp_Media_C,INDICE DE DESEMPENO INSTITUCIONAL,0.03272189098643361,0.2912330591027843,0.03272189098643361,0.2912330591027843,Muy débil
Velocidad_Viento,SOLIDOS SUSPENDIDOS TOTALES,0.03133056249497559,0.07684729957294399,0.03133056249497559,0.07684729957294399,Muy débil
Velocidad_Viento,Anio,0.03048009042110103,0.05474398088866784,0.03048009042110103,0.05474398088866784,Muy débil
Precipitacion_mm,TURBIDEZ,0.03011242743808459,0.15191808748843505,0.03011242743808459,0.15191808748843505,Muy débil
ONI,SOLIDOS SUSPENDIDOS TOTALES,-0.02947936404403558,-0.15942573294886841,0.02947936404403558,0.15942573294886841,Muy débil
Temp_Min_C,ONI,0.02686422214390575,0.025708059367911523,0.02686422214390575,0.025708059367911523,Muy débil
SOLIDOS SUSPENDIDOS TOTALES,pH,-0.026722154040667148,-0.08703588078631536,0.026722154040667148,0.08703588078631536,Muy débil
Velocidad_Viento,TURBIDEZ,0.02666544314685128,-0.004060067559395969,0.02666544314685128,0.004060067559395969,Muy débil
Velocidad_Viento,NITROGENO TOTAL,-0.025368947151950476,-0.1274768095969836,0.025368947151950476,0.1274768095969836,Muy débil
Humedad_Relativa,AGUAS RESIDUALES TRATADAS,0.02461912726315194,0.3310067518514835,0.02461912726315194,0.3310067518514835,Muy débil
Temp_Media_C,irca,-0.02448452289766701,-0.03038602528837508,0.02448452289766701,0.03038602528837508,Muy débil
Temp_Media_C,VolumenUtilDiarioMasa,-0.02198695503487283,-0.0273122243061387,0.02198695503487283,0.0273122243061387,Muy débil
Precipitacion_mm,DEMANDA BIOQUIMICA DE OXIGENO (DBO5),-0.021455951077568456,-0.20695614117321068,0.021455951077568456,0.20695614117321068,Muy débil
Temp_Min_C,irca,0.020842803105869265,0.019428865149368892,0.020842803105869265,0.019428865149368892,Muy débil
Temp_Max_C,Anio,0.020072072571254602,0.027871163634589625,0.020072072571254602,0.027871163634589625,Muy débil
Temp_Max_C,INDICE DE DESEMPENO INSTITUCIONAL,-0.0181756077518956,0.25220893523403826,0.0181756077518956,0.25220893523403826,Muy débil
ONI,DEMANDA BIOQUIMICA DE OXIGENO (DBO5),-0.01673788411917651,-0.24276951623665974,0.01673788411917651,0.24276951623665974,Muy débil
Radiacion_Solar,Mes,0.01564137266260115,0.06202033935971906,0.01564137266260115,0.06202033935971906,Muy débil
ONI,pH,0.012610550120291619,-0.12665401646810853,0.012610550120291619,0.12665401646810853,Muy débil
ACCESO A AGUA POTABLE ADECUADO,DEMANDA BIOQUIMICA DE OXIGENO (DBO5),0.012417903475469307,-0.1341862600304233,0.012417903475469307,0.1341862600304233,Muy débil
PORCENTAJE DE LA POBLACION CON ACCESO A METODOS DE SANEAMIENTO ADECUADOS,DEMANDA BIOQUIMICA DE OXIGENO (DBO5),0.012417903475469307,-0.1341862600304233,0.012417903475469307,0.1341862600304233,Muy débil
COBERTURA DE ALCANTARILLADO URBANO,DEMANDA BIOQUIMICA DE OXIGENO (DBO5),0.012417903475469307,-0.1341862600304233,0.012417903475469307,0.1341862600304233,Muy débil
COBERTURA DE ALCANTARILLADO RURAL,DEMANDA BIOQUIMICA DE OXIGENO (DBO5),0.012417903475469307,-0.1341862600304233,0.012417903475469307,0.1341862600304233,Muy débil
COBERTURA DE ACUEDUCTO URBANO,DEMANDA BIOQUIMICA DE OXIGENO (DBO5),0.012417903475469307,-0.1341862600304233,0.012417903475469307,0.1341862600304233,Muy débil
COBERTURA DE ACUEDUCTO RURAL,DEMANDA BIOQUIMICA DE OXIGENO (DBO5),0.012417903475469307,-0.1341862600304233,0.012417903475469307,0.1341862600304233,Muy débil
DENSIDAD POBLACIONAL,DEMANDA BIOQUIMICA DE OXIGENO (DBO5),0.012417903475469307,-0.1341862600304233,0.012417903475469307,0.1341862600304233,Muy débil
DEMANDA QUIMICA DE OXIGENO (DQO),TURBIDEZ,-0.012043198688261427,0.021079048267669834,0.012043198688261427,0.021079048267669834,Muy débil
ONI,CALIDAD DEL AGUA,0.011784887269480009,0.028252909435471034,0.011784887269480009,0.028252909435471034,Muy débil
Temp_Min_C,Mes,-0.009995917219118813,-0.020551604530585004,0.009995917219118813,0.020551604530585004,Muy débil
Temp_Max_C,CALIDAD DEL AGUA,0.009434772037401883,0.1078690024652539,0.009434772037401883,0.1078690024652539,Muy débil
Humedad_Relativa,TURBIDEZ,-0.008563828345846493,0.22376767878906206,0.008563828345846493,0.22376767878906206,Muy débil
Mes,DEMANDA QUIMICA DE OXIGENO (DQO),0.008465419536219786,0.0505337893055159,0.008465419536219786,0.0505337893055159,Muy débil
Radiacion_Solar,Anio,0.007682981987283726,0.00315530831411256,0.007682981987283726,0.00315530831411256,Muy débil
Temp_Min_C,CALIDAD DEL AGUA,0.007097573680432634,0.11590830219890914,0.007097573680432634,0.11590830219890914,Muy débil
PORCENTAJE DE LA POBLACION CON ACCESO A METODOS DE SANEAMIENTO ADECUADOS,TEMPERATURA,-0.006797011851544715,-0.004171923996010908,0.006797011851544715,0.004171923996010908,Muy débil
COBERTURA DE ALCANTARILLADO RURAL,TEMPERATURA,-0.006797011851544715,-0.004171923996010908,0.006797011851544715,0.004171923996010908,Muy débil
COBERTURA DE ALCANTARILLADO URBANO,TEMPERATURA,-0.006797011851544715,-0.004171923996010908,0.006797011851544715,0.004171923996010908,Muy débil
COBERTURA DE ACUEDUCTO RURAL,TEMPERATURA,-0.006797011851544715,-0.004171923996010908,0.006797011851544715,0.004171923996010908,Muy débil
COBERTURA DE ACUEDUCTO URBANO,TEMPERATURA,-0.006797011851544715,-0.004171923996010908,0.006797011851544715,0.004171923996010908,Muy débil
DENSIDAD POBLACIONAL,TEMPERATURA,-0.006797011851544715,-0.004171923996010908,0.006797011851544715,0.004171923996010908,Muy débil
ACCESO A AGUA POTABLE ADECUADO,TEMPERATURA,-0.006797011851544715,-0.004171923996010908,0.006797011851544715,0.004171923996010908,Muy débil
Temp_Media_C,CALIDAD DEL AGUA,0.004307538302359683,0.14035607970804925,0.004307538302359683,0.14035607970804925,Muy débil
Anio,DEMANDA BIOQUIMICA DE OXIGENO (DBO5),-0.00288592478493518,0.155217914981849,0.00288592478493518,0.155217914981849,Muy débil
Mes,TURBIDEZ,-0.0011813221657066037,-0.1539968481413033,0.0011813221657066037,0.1539968481413033,Muy débil
Anio,AGUAS RESIDUALES TRATADAS,4.134042402077412e-13,0.0,4.134042402077412e-13,0.0,Muy débil
Anio,Mes,-1.828184559187396e-15,0.0,1.828184559187396e-15,0.0,Muy débil
ONI,AGUAS RESIDUALES TRATADAS,-1.975893491357484e-16,0.0,1.975893491357484e-16,0.0,Muy débil
Mes,CALIDAD DEL AGUA,1.505527988220396e-16,0.0,1.505527988220396e-16,0.0,Muy débil
Mes,AGUAS RESIDUALES TRATADAS,1.2240249515484984e-16,0.0,1.2240249515484984e-16,0.0,Muy débil
ONI,INDICE DE DESEMPENO INSTITUCIONAL,1.0958664897847428e-16,0.0,1.0958664897847428e-16,0.0,Muy débil
Mes,DENSIDAD POBLACIONAL,-1.5701251359257064e-17,0.0,1.5701251359257064e-17,0.0,Muy débil
Mes,COBERTURA DE ACUEDUCTO URBANO,-1.5701251359257064e-17,0.0,1.5701251359257064e-17,0.0,Muy débil
Mes,PORCENTAJE DE LA POBLACION CON ACCESO A METODOS DE SANEAMIENTO ADECUADOS,-1.5701251359257064e-17,0.0,1.5701251359257064e-17,0.0,Muy débil
Mes,COBERTURA DE ACUEDUCTO RURAL,-1.5701251359257064e-17,0.0,1.5701251359257064e-17,0.0,Muy débil
Mes,COBERTURA DE ALCANTARILLADO RURAL,-1.5701251359257064e-17,0.0,1.5701251359257064e-17,0.0,Muy débil
Mes,ACCESO A AGUA POTABLE ADECUADO,-1.5701251359257064e-17,0.0,1.5701251359257064e-17,0.0,Muy débil
Mes,COBERTURA DE ALCANTARILLADO URBANO,-1.5701251359257064e-17,0.0,1.5701251359257064e-17,0.0,Muy débil
Mes,INDICE DE DESEMPENO INSTITUCIONAL,8.233470708115982e-18,0.0,8.233470708115982e-18,0.0,Muy débil
Mes,irca,-5.085139114395169e-18,0.0,5.085139114395169e-18,0.0,Muy débil
Precipitacion_mm,POBLACION TOTAL,,,,,Muy débil
Precipitacion_mm,CONTINUIDAD DE ACUEDUCTO URBANO,,,,,Muy débil
Temp_Max_C,POBLACION TOTAL,,,,,Muy débil
Temp_Max_C,CONTINUIDAD DE ACUEDUCTO URBANO,,,,,Muy débil
Temp_Min_C,POBLACION TOTAL,,,,,Muy débil
Temp_Min_C,CONTINUIDAD DE ACUEDUCTO URBANO,,,,,Muy débil
Temp_Media_C,POBLACION TOTAL,,,,,Muy débil
Temp_Media_C,CONTINUIDAD DE ACUEDUCTO URBANO,,,,,Muy débil
Humedad_Relativa,POBLACION TOTAL,,,,,Muy débil
Humedad_Relativa,CONTINUIDAD DE ACUEDUCTO URBANO,,,,,Muy débil
Velocidad_Viento,POBLACION TOTAL,,,,,Muy débil
Velocidad_Viento,CONTINUIDAD DE ACUEDUCTO URBANO,,,,,Muy débil
Radiacion_Solar,POBLACION TOTAL,,,,,Muy débil
Radiacion_Solar,CONTINUIDAD DE ACUEDUCTO URBANO,,,,,Muy débil
Anio,POBLACION TOTAL,,,,,Muy débil
Anio,INDICE DE DESEMPENO INSTITUCIONAL,,,,,Muy débil
Anio,CONTINUIDAD DE ACUEDUCTO URBANO,,,,,Muy débil
Mes,POBLACION TOTAL,,,,,Muy débil
Mes,CONTINUIDAD DE ACUEDUCTO URBANO,,,,,Muy débil
ONI,POBLACION TOTAL,,,,,Muy débil
ONI,CONTINUIDAD DE ACUEDUCTO URBANO,,,,,Muy débil
VolumenUtilDiarioMasa,POBLACION TOTAL,,,,,Muy débil
VolumenUtilDiarioMasa,INDICE DE DESEMPENO INSTITUCIONAL,,,,,Muy débil
VolumenUtilDiarioMasa,CONTINUIDAD DE ACUEDUCTO URBANO,,,,,Muy débil
VolumenUtilDiarioMasa,CALIDAD DEL AGUA,,,,,Muy débil
VolumenUtilDiarioMasa,AGUAS RESIDUALES TRATADAS,,,,,Muy débil
VolumenUtilDiarioMasa,Nivel_Minimo,,,,,Muy débil
VolumenUtilDiarioMasa,CONDUCTIVIDAD ELECTRICA,,,,,Muy débil
VolumenUtilDiarioMasa,DEMANDA BIOQUIMICA DE OXIGENO (DBO5),,,,,Muy débil
VolumenUtilDiarioMasa,DEMANDA QUIMICA DE OXIGENO (DQO),,,,,Muy débil
VolumenUtilDiarioMasa,FOSFORO TOTAL,,,,,Muy débil
VolumenUtilDiarioMasa,NITROGENO TOTAL,,,,,Muy débil
VolumenUtilDiarioMasa,OXIGENO DISUELTO (OD),,,,,Muy débil
VolumenUtilDiarioMasa,SOLIDOS SUSPENDIDOS TOTALES,,,,,Muy débil
VolumenUtilDiarioMasa,TEMPERATURA,,,,,Muy débil
VolumenUtilDiarioMasa,TURBIDEZ,,,,,Muy débil
VolumenUtilDiarioMasa,pH,,,,,Muy débil
irca,POBLACION TOTAL,,,,,Muy débil
irca,INDICE DE DESEMPENO INSTITUCIONAL,,,,,Muy débil
irca,CONTINUIDAD DE ACUEDUCTO URBANO,,,,,Muy débil
irca,CALIDAD DEL AGUA,,,,,Muy débil
irca,AGUAS RESIDUALES TRATADAS,,,,,Muy débil
irca,Nivel_Minimo,,,,,Muy débil
irca,CONDUCTIVIDAD ELECTRICA,,,,,Muy débil
irca,DEMANDA BIOQUIMICA DE OXIGENO (DBO5),,,,,Muy débil
irca,DEMANDA QUIMICA DE OXIGENO (DQO),,,,,Muy débil
irca,FOSFORO TOTAL,,,,,Muy débil
irca,NITROGENO TOTAL,,,,,Muy débil
irca,OXIGENO DISUELTO (OD),,,,,Muy débil
irca,SOLIDOS SUSPENDIDOS TOTALES,,,,,Muy débil
irca,TEMPERATURA,,,,,Muy débil
irca,TURBIDEZ,,,,,Muy débil
irca,pH,,,,,Muy débil
POBLACION TOTAL,DENSIDAD POBLACIONAL,,,,,Muy débil
POBLACION TOTAL,INDICE DE DESEMPENO INSTITUCIONAL,,,,,Muy débil
POBLACION TOTAL,ACCESO A AGUA POTABLE ADECUADO,,,,,Muy débil
POBLACION TOTAL,PORCENTAJE DE LA POBLACION CON ACCESO A METODOS DE SANEAMIENTO ADECUADOS,,,,,Muy débil
POBLACION TOTAL,COBERTURA DE ACUEDUCTO URBANO,,,,,Muy débil
POBLACION TOTAL,COBERTURA DE ACUEDUCTO RURAL,,,,,Muy débil
POBLACION TOTAL,COBERTURA DE ALCANTARILLADO URBANO,,,,,Muy débil
POBLACION TOTAL,COBERTURA DE ALCANTARILLADO RURAL,,,,,Muy débil
POBLACION TOTAL,CONTINUIDAD DE ACUEDUCTO URBANO,,,,,Muy débil
POBLACION TOTAL,CALIDAD DEL AGUA,,,,,Muy débil
POBLACION TOTAL,AGUAS RESIDUALES TRATADAS,,,,,Muy débil
POBLACION TOTAL,Nivel_Minimo,,,,,Muy débil
POBLACION TOTAL,CONDUCTIVIDAD ELECTRICA,,,,,Muy débil
POBLACION TOTAL,DEMANDA BIOQUIMICA DE OXIGENO (DBO5),,,,,Muy débil
POBLACION TOTAL,DEMANDA QUIMICA DE OXIGENO (DQO),,,,,Muy débil
POBLACION TOTAL,FOSFORO TOTAL,,,,,Muy débil
POBLACION TOTAL,NITROGENO TOTAL,,,,,Muy débil
POBLACION TOTAL,OXIGENO DISUELTO (OD),,,,,Muy débil
POBLACION TOTAL,SOLIDOS SUSPENDIDOS TOTALES,,,,,Muy débil
POBLACION TOTAL,TEMPERATURA,,,,,Muy débil
POBLACION TOTAL,TURBIDEZ,,,,,Muy débil
POBLACION TOTAL,pH,,,,,Muy débil
DENSIDAD POBLACIONAL,INDICE DE DESEMPENO INSTITUCIONAL,,,,,Muy débil
DENSIDAD POBLACIONAL,CONTINUIDAD DE ACUEDUCTO URBANO,,,,,Muy débil
DENSIDAD POBLACIONAL,CALIDAD DEL AGUA,,,,,Muy débil
DENSIDAD POBLACIONAL,AGUAS RESIDUALES TRATADAS,,,,,Muy débil
DENSIDAD POBLACIONAL,Nivel_Minimo,,,,,Muy débil
INDICE DE DESEMPENO INSTITUCIONAL,ACCESO A AGUA POTABLE ADECUADO,,,,,Muy débil
INDICE DE DESEMPENO INSTITUCIONAL,PORCENTAJE DE LA POBLACION CON ACCESO A METODOS DE SANEAMIENTO ADECUADOS,,,,,Muy débil
INDICE DE DESEMPENO INSTITUCIONAL,COBERTURA DE ACUEDUCTO URBANO,,,,,Muy débil
INDICE DE DESEMPENO INSTITUCIONAL,COBERTURA DE ACUEDUCTO RURAL,,,,,Muy débil
INDICE DE DESEMPENO INSTITUCIONAL,COBERTURA DE ALCANTARILLADO URBANO,,,,,Muy débil
INDICE DE DESEMPENO INSTITUCIONAL,COBERTURA DE ALCANTARILLADO RURAL,,,,,Muy débil
INDICE DE DESEMPENO INSTITUCIONAL,CONTINUIDAD DE ACUEDUCTO URBANO,,,,,Muy débil
INDICE DE DESEMPENO INSTITUCIONAL,Nivel_Minimo,,,,,Muy débil
INDICE DE DESEMPENO INSTITUCIONAL,DEMANDA BIOQUIMICA DE OXIGENO (DBO5),,,,,Muy débil
ACCESO A AGUA POTABLE ADECUADO,CONTINUIDAD DE ACUEDUCTO URBANO,,,,,Muy débil
ACCESO A AGUA POTABLE ADECUADO,CALIDAD DEL AGUA,,,,,Muy débil
ACCESO A AGUA POTABLE ADECUADO,AGUAS RESIDUALES TRATADAS,,,,,Muy débil
ACCESO A AGUA POTABLE ADECUADO,Nivel_Minimo,,,,,Muy débil
PORCENTAJE DE LA POBLACION CON ACCESO A METODOS DE SANEAMIENTO ADECUADOS,CONTINUIDAD DE ACUEDUCTO URBANO,,,,,Muy débil
PORCENTAJE DE LA POBLACION CON ACCESO A METODOS DE SANEAMIENTO ADECUADOS,CALIDAD DEL AGUA,,,,,Muy débil
PORCENTAJE DE LA POBLACION CON ACCESO A METODOS DE SANEAMIENTO ADECUADOS,AGUAS RESIDUALES TRATADAS,,,,,Muy débil
PORCENTAJE DE LA POBLACION CON ACCESO A METODOS DE SANEAMIENTO ADECUADOS,Nivel_Minimo,,,,,Muy débil
COBERTURA DE ACUEDUCTO URBANO,CONTINUIDAD DE ACUEDUCTO URBANO,,,,,Muy débil
COBERTURA DE ACUEDUCTO URBANO,CALIDAD DEL AGUA,,,,,Muy débil
COBERTURA DE ACUEDUCTO URBANO,AGUAS RESIDUALES TRATADAS,,,,,Muy débil
COBERTURA DE ACUEDUCTO URBANO,Nivel_Minimo,,,,,Muy débil
COBERTURA DE ACUEDUCTO RURAL,CONTINUIDAD DE ACUEDUCTO URBANO,,,,,Muy débil
COBERTURA DE ACUEDUCTO RURAL,CALIDAD DEL AGUA,,,,,Muy débil
COBERTURA DE ACUEDUCTO RURAL,AGUAS RESIDUALES TRATADAS,,,,,Muy débil
COBERTURA DE ACUEDUCTO RURAL,Nivel_Minimo,,,,,Muy débil
COBERTURA DE ALCANTARILLADO URBANO,CONTINUIDAD DE ACUEDUCTO URBANO,,,,,Muy débil
COBERTURA DE ALCANTARILLADO URBANO,CALIDAD DEL AGUA,,,,,Muy débil
COBERTURA DE ALCANTARILLADO URBANO,AGUAS RESIDUALES TRATADAS,,,,,Muy débil
COBERTURA DE ALCANTARILLADO URBANO,Nivel_Minimo,,,,,Muy débil
COBERTURA DE ALCANTARILLADO RURAL,CONTINUIDAD DE ACUEDUCTO URBANO,,,,,Muy débil
COBERTURA DE ALCANTARILLADO RURAL,CALIDAD DEL AGUA,,,,,Muy débil
COBERTURA DE ALCANTARILLADO RURAL,AGUAS RESIDUALES TRATADAS,,,,,Muy débil
COBERTURA DE ALCANTARILLADO RURAL,Nivel_Minimo,,,,,Muy débil
CONTINUIDAD DE ACUEDUCTO URBANO,CALIDAD DEL AGUA,,,,,Muy débil
CONTINUIDAD DE ACUEDUCTO URBANO,AGUAS RESIDUALES TRATADAS,,,,,Muy débil
CONTINUIDAD DE ACUEDUCTO URBANO,Nivel_Minimo,,,,,Muy débil
CONTINUIDAD DE ACUEDUCTO URBANO,CONDUCTIVIDAD ELECTRICA,,,,,Muy débil
CONTINUIDAD DE ACUEDUCTO URBANO,DEMANDA BIOQUIMICA DE OXIGENO (DBO5),,,,,Muy débil
CONTINUIDAD DE ACUEDUCTO URBANO,DEMANDA QUIMICA DE OXIGENO (DQO),,,,,Muy débil
CONTINUIDAD DE ACUEDUCTO URBANO,FOSFORO TOTAL,,,,,Muy débil
CONTINUIDAD DE ACUEDUCTO URBANO,NITROGENO TOTAL,,,,,Muy débil
CONTINUIDAD DE ACUEDUCTO URBANO,OXIGENO DISUELTO (OD),,,,,Muy débil
CONTINUIDAD DE ACUEDUCTO URBANO,SOLIDOS SUSPENDIDOS TOTALES,,,,,Muy débil
CONTINUIDAD DE ACUEDUCTO URBANO,TEMPERATURA,,,,,Muy débil
CONTINUIDAD DE ACUEDUCTO URBANO,TURBIDEZ,,,,,Muy débil
CONTINUIDAD DE ACUEDUCTO URBANO,pH,,,,,Muy débil
CALIDAD DEL AGUA,Nivel_Minimo,,,,,Muy débil
AGUAS RESIDUALES TRATADAS,Nivel_Minimo,,,,,Muy débil
Nivel_Minimo,NITROGENO TOTAL,,,,,Muy débil
