Precipitacion_mm,ONI,Radiacion_Solar,Humedad_Relativa,Temp_Min_C,Mes,Velocidad_Viento,irca,VolumenUtilDiarioMasa
-0.9086449706841914,0.5476248266236976,0.7041177477627838,-1.1919770773638951,-1.072801502965169,-1.5932550136313832,1.0617021110006284,0,0
-1.0382082010982214,0.43034588145295877,0.3382737894933995,-1.0558739255014307,1.0585240361543222,-1.3035722838802226,0.1809513468779678,0,0
-0.22034030910965582,0.43034588145295877,0.02553621226311913,-0.8481375358166167,0.9776388164533925,-1.013889554129062,-0.010516210540001052,0,0
0.02528998188360984,0.6968889386591832,-0.015768750767295333,-0.8424068767908298,0.6904962865150933,-0.7242068243779014,-0.08710323350718893,0,0
-0.7547886345675304,0.9207851067124119,-0.34620845501060893,-0.9498567335243541,0.4599734103674443,-0.43452409462674085,0.1809513468779678,0,0
-0.5469476191116903,1.1340195524773915,-0.747456667306062,-1.2936962750716305,0.3629111467263289,-0.14484136487558028,3.0146711966639166,0,0
-0.5496468530786492,1.421886054260114,-0.009868041762949512,-1.6446991404011437,-0.01320512488299285,0.14484136487558028,2.516855547377196,0,0
-0.9491334801885759,1.9229870018078161,-0.2576978199454363,-2.1604584527220596,0.28607018801044615,0.43452409462674085,2.3636815014428203,0,0
-0.9599304160564117,2.2108535035905383,1.1348695050799618,-2.7048710601719175,-0.31248043777643186,0.7242068243779014,2.057333409574069,0,0
-0.42278285663157805,2.3921027824907712,0.4385858425672617,-1.9068767908309427,0.7349831573506043,1.013889554129062,-0.010516210540001052,0,0
0.03878615171840461,2.775924784867734,-0.4937261801192314,-0.7478510028653269,0.7147618524253716,1.3035722838802226,-0.5083318598267222,0,0
-1.370213979034174,2.765263062579485,0.7395220017888525,-2.7005730659025766,0.28202592702539975,1.5932550136313832,2.133920432541257,0,0
-1.4943787415142862,2.733277895714738,1.7072382785014164,-2.885386819484237,0.9210191626627423,-1.5932550136313832,-0.1636902564743768,0,0
-1.2028614730827183,2.370779337914273,0.07274188429787942,-2.885386819484237,1.4427288297337368,-1.3035722838802226,0.14265783539437385,0,0
-0.5145568115081828,1.6457822223133425,0.1671532283673979,-2.0415472779369597,1.1313207338851587,-1.013889554129062,-0.27857079092515863,0,0
0.826962470070422,0.910123384424163,-0.6353431962235091,-0.6575931232091672,1.3335337831374823,-0.7242068243779014,-0.8146799516954732,0,0
-0.20414490530790216,0.2597583248409751,-0.24589640193674464,-0.9842406876790811,0.9857273384234853,-0.43452409462674085,-0.12539674499078285,0,0
-0.6495185098561309,-0.14538712211248608,-0.07477584081074307,-1.608882521489969,0.3588668857412825,-0.14484136487558028,0.9851150880334405,0,0
-0.6117292343187055,-0.6358263473719391,-0.3580098730192985,-1.8553008595988512,0.28202592702539975,0.14484136487558028,1.329756691385785,0,0
-0.3121142639862605,-0.742443570254429,0.3028695354673308,-2.3767908309455557,0.38717671263660797,0.43452409462674085,2.019039898090476,0,0
-0.4389782604333317,-0.742443570254429,0.5034936416150573,-1.9756446991403989,0.13643253156372628,0.7242068243779014,0.4107124157795314,0,0
0.15215397833068103,-0.9130311268664126,0.403181588541193,-0.891117478510026,0.7996913331113479,1.013889554129062,-1.044441020597037,0,0
0.3437995899847674,-0.9236928491546615,-0.6058396512017842,-0.19914040114612974,0.6864520255300469,1.3035722838802226,-0.3168643024087525,0,0
-0.4497751963011676,-0.6038411805071923,-0.3403077460062631,-0.5128939828080203,0.6945405475001397,1.5932550136313832,-1.1210280435642244,0,0
-1.162372963578334,-0.45457706847170654,-0.48782547111488667,-0.8438395415472755,-0.15070999837457283,-1.5932550136313832,-0.3168643024087525,0,0
-1.2703423222566923,-0.10274023295949015,1.5597205533927938,-1.7234957020057278,0.7996913331113479,-1.3035722838802226,0.7936475306154708,0,0
0.7729777907312425,-0.038769899229996276,-0.8300665933668909,-0.43409742120343625,1.341622305107575,-1.013889554129062,-1.006147509113443,0,0
-0.009800059686856646,0.17446454653498333,0.16125251936305207,-0.7679083094555849,0.5691684569636989,-0.7242068243779014,-0.4700383483431283,0,0
1.1157805045350306,0.32372865857046895,0.09044401131091269,-0.435530085959884,0.5610799349936061,-0.43452409462674085,-0.6997994172446915,0,0
0.17104861609939384,0.2384348802644772,-0.4465205080844722,-0.5186246418338092,0.32246853687586435,-0.14484136487558028,-0.3934513253759404,0,0
-0.8465625894441352,0.13181765738198736,0.04913904828050032,-0.9555873925501409,0.2779816660403527,0.14484136487558028,1.2914631799021912,0,0
-0.20684413927486106,-0.2946512341479718,0.6628127847323694,-1.1905444126074474,0.24967183914502797,0.43452409462674085,-0.1636902564743768,0,0
-0.7143001250631461,-0.5931794582189432,0.7631248378062315,-1.202005730659023,0.06363583383288991,0.7242068243779014,-0.20198376795797074,0,0
0.451768948663126,-0.721120125677931,-0.2576978199454363,-0.7406876790830923,0.7552044622758369,1.013889554129062,-0.35515781389234646,0,0
0.7540831529625296,-1.1369272949196412,-0.0570737137977098,-0.002865329512891375,0.8805765528122771,1.3035722838802226,-0.9295604861462551,0,0
-0.8087733139067098,-1.1156038503431434,0.18485535538043116,-0.45558739255014197,-0.34483452565680367,1.5932550136313832,-0.5849188827939101,0,0
-0.9707273519242474,-1.0409717943254004,0.3323730804890537,-0.7148997134670476,0.18091940239923796,-1.5932550136313832,-0.6997994172446915,0,0
-0.9923212236599191,-0.8490607931369187,0.013734794254429583,-0.7951289398280773,0.2334947952048417,-1.3035722838802226,0.10436432391078077,0,0
-0.6900070193605155,-0.9236928491546615,0.35597591650643484,-1.0085959885386802,0.6985848084851861,-1.013889554129062,-0.010516210540001052,0,0
0.8512555757730527,-0.5931794582189432,-0.664846741245233,-0.18624641833810635,0.8077798550814407,-0.7242068243779014,-0.5466253713103162,0,0
1.0159088477575493,-0.27332778957147386,-0.4760240531061971,-0.3667621776504279,0.5772569789337917,-0.43452409462674085,-0.9295604861462551,0,0
0.11706393676021454,-0.0707550660947432,-0.17508789388460735,-0.8595988538681923,0.25776036111512074,-0.14484136487558028,0.7170605076482829,0,0
-0.08537861076170768,0.003876989922999654,-0.15148505786722827,-0.9885386819484223,0.4518848883973515,0.14484136487558028,0.9851150880334405,0,0
-0.3607004753915218,-0.028108176941747283,0.9696496529583039,-1.2249283667621744,-0.4904279211184764,0.43452409462674085,2.593442570344384,0,0
-0.430880558532455,0.3663755477234649,0.8929404359018208,-1.2793696275071615,0.35482262475623616,0.7242068243779014,0.5638864617139071,0,0
0.18994325386810643,0.83549132840642,0.59200427668023,-0.3782234957020036,0.7916028111412551,1.013889554129062,-0.7763864402118794,0,0
-0.12046865233217416,0.846153050694669,-0.19869072990198647,-0.22349570200572882,1.0221256872889042,1.3035722838802226,-1.1210280435642244,0,0
-1.3378231714306663,0.8781382175594159,1.3000893572016174,-1.104584527220629,-0.04555921276336465,1.5932550136313832,0.2958318813287496,0,0
-1.2055607070496774,0.6968889386591832,0.3736780435194681,-1.10888252148997,-0.14666573738952646,-1.5932550136313832,0.7936475306154708,0,0
-0.8411641215102172,0.7395358278121792,0.12584826533698343,-1.1146131805157569,1.0625682971393686,-1.3035722838802226,-0.5466253713103162,0,0
0.15755244626459908,0.7928444392534242,-1.201811260640619,-0.5343839541547261,0.9169749016776952,-1.013889554129062,-1.044441020597037,0,0
0.43827277882833127,0.6115951603531915,-0.22229356591936555,-0.2578796561604559,0.9452847285730206,-0.7242068243779014,-0.6615059057610976,0,0
1.1967575235437997,0.5263013820471997,-0.34620845501060893,-0.499999999999999,0.8239568990216269,-0.43452409462674085,-0.7380929287282855,0,0
-0.05028856919124119,0.3663755477234649,-0.14558434886288246,-0.6446991404011437,0.34268984180109624,-0.14484136487558028,0.7553540191318768,0,0
-0.33100890175497333,0.2490966025527262,0.538897895641126,-1.074498567335241,0.07172435580298268,0.14484136487558028,1.2531696684185971,0,0
-0.7817809742371201,-0.0814167883829922,0.6864156207497485,-1.3624641833810867,0.11216696565344797,0.43452409462674085,2.2105074555084445,0,0
-0.4524744302681267,-0.10274023295949015,0.5506993136498155,-1.4097421203438372,-0.05769199571850381,0.7242068243779014,0.8319410420990647,0,0
0.4544681826300849,0.3876989922999629,0.190756064384777,-0.7793696275071605,0.7107175914403252,1.013889554129062,-0.8529734631790672,0,0
0.4922574581675103,0.44100760374120773,-0.2281942749237114,-0.10315186246418112,0.836089681976766,1.3035722838802226,-0.5849188827939101,0,0
-0.9410357782876989,0.49431621518245267,-0.021669459771639057,-0.6232091690544401,0.9169749016776952,1.5932550136313832,-0.6615059057610976,0,0
-1.4322963602742302,0.6542420495061874,1.3767985742581028,-0.9340974212034353,-0.3650558305820363,-1.5932550136313832,1.5595177602873487,0,0
-0.40388821886286524,0.37703727001171394,1.6305290614449333,-1.351002865329511,-0.5713131408194063,-1.3035722838802226,1.0234085995170343,0,0
-0.7143001250631461,0.44100760374120773,0.06684117529353359,-0.8567335243552989,-0.025337907838132723,-1.013889554129062,-0.1636902564743768,0,0
-0.2338364789444506,0.334390380858718,0.019635503258775406,-0.891117478510026,1.2809583903318777,-0.7242068243779014,-0.7763864402118794,0,0
-0.4119859207637422,-0.3479598455892167,-0.5291304341453011,-1.0659025787965586,0.7471159403057435,-0.43452409462674085,0.1809513468779678,0,0
1.175163651808128,-0.4759005130482045,-0.12198151284550336,-1.0085959885386802,0.29011444899549255,-0.14484136487558028,0.5638864617139071,0,0
0.14945474436372214,-0.4439153461834575,-0.16328647587591782,-1.153295128939825,0.019148962997378952,0.14484136487558028,0.14265783539437385,0,0
-0.5820376606821568,-0.753105292542678,0.013734794254429583,-1.183381088825213,0.2739374050553063,0.43452409462674085,0.10436432391078077,0,0
-0.5631430229134441,-1.0196483497489024,1.1643730501016845,-1.45558739255014,0.22136201224970253,0.7242068243779014,0.14265783539437385,0,0
-1.1083882842391546,-1.4567789635671105,0.5270964776324364,-1.9828080229226335,0.3669554077113753,1.013889554129062,0.6787669961646889,0,0
-0.9977196915938371,-1.6273665201790943,-0.2517971109410905,-0.6690544412607428,1.1474977778253441,1.3035722838802226,-1.0827345320806305,0,0
-0.644120041922213,-1.2968531292433758,0.5270964776324364,-1.6346704871060138,0.31438001490577155,1.5932550136313832,-0.8529734631790672,0,0
-0.7223978269640229,-1.0516335166136492,1.046358870014787,-1.8352435530085933,-0.08600182261382923,-1.5932550136313832,-0.08710323350718893,0,0
-0.6900070193605155,-1.0836186834783963,-0.06297442280205352,-1.6833810888252119,1.2445600414664597,-1.3035722838802226,-0.20198376795797074,0,0
-0.4875644718385932,-0.9130311268664126,-1.0070878634972373,-0.9613180515759298,1.3052239562421568,-1.013889554129062,-0.6232123942775036,0,0
-0.047589335224282284,-0.8170756262721718,0.0019333762457400363,-0.9856733524355289,0.7390274183356507,-0.7242068243779014,-0.5849188827939101,0,0
-1.1677714315122518,-0.5505325690659473,0.4090822975455389,-1.104584527220629,0.8563109869019987,-0.43452409462674085,0.33412539281234355,0,0
0.13325934056196823,-0.41193017931871057,0.09044401131091269,-1.0128939828080215,-0.09409034458392272,-0.14484136487558028,0.027777300943592886,0,0
-1.1353806239087443,-0.5398708467776984,0.09634472031525851,-1.60315186246418,0.15260957550391255,0.14484136487558028,2.095626921057663,0,0
-1.0193135633295087,-0.6891349588131841,0.10224542931960433,-1.8424068767908277,0.4599734103674443,0.43452409462674085,0.640473484681095,0,0
-0.33370813572193225,-0.7317818479661801,0.8162312188453356,-1.995702005730657,0.35482262475623616,0.7242068243779014,0.7170605076482829,0,0
-0.7979763780388739,-1.1262655726313922,0.6274085307062987,-1.3309455587392531,0.9655060334982533,1.013889554129062,-0.8912669746626611,0,0
-0.86005875927893,-1.1262655726313922,0.6923163297540943,-1.1891117478509998,1.123232211915066,1.3035722838802226,-0.7380929287282855,0,0
-1.0678997747347703,-1.2008976286491349,0.037337630271808676,-1.3553008595988523,1.4144190028384114,1.5932550136313832,-0.20198376795797074,0,0
-1.1380798578757034,-0.9983249051724045,0.5743021496671946,-2.058739255014324,1.0827896020646006,-1.5932550136313832,0.33412539281234355,0,0
-0.3687981772923987,-0.9663397383076575,-0.6766481592539236,-1.5744985673352418,0.7713815062160224,-1.3035722838802226,-0.7380929287282855,0,0
0.10356776692541977,-1.1049421280548943,-0.2813006559628154,-0.6676217765042951,1.0949223850197405,-1.013889554129062,-0.7763864402118794,0,0
0.7027977075903095,-1.232882795513882,-0.6058396512017842,-0.6776504297994251,1.0463912531991824,-0.7242068243779014,-0.3934513253759404,0,0
1.1400736102376612,-1.243544517802131,-0.3108042009845403,-0.7492836676217746,0.7430716793206971,-0.43452409462674085,-0.3934513253759404,0,0
0.22773252940553207,-0.9130311268664126,-0.9480807734537885,-0.6103151862464167,0.43975210544221166,-0.14484136487558028,-0.6997994172446915,0,0
0.34919805791868547,-0.8703842377134168,-0.4111162540584025,-0.9570200573065887,0.12429974860858713,0.14484136487558028,0.1809513468779678,0,0
-0.22303954307661472,-1.1689124617843882,0.4975929326107115,-1.2048710601719166,0.21327349027960976,0.43452409462674085,0.48729943874671927,0,0
-0.42278285663157805,-1.2755296846668778,0.27926669944994964,-1.1604584527220616,0.3993094955917471,0.7242068243779014,-0.3168643024087525,0,0
0.5624375413084435,-1.179574184072637,0.37957875252381396,-0.4226361031518606,0.23753905618988808,1.013889554129062,-0.12539674499078285,0,0
-0.025995463488610558,-1.0836186834783963,-0.4465205080844722,0.1160458452722086,0.8239568990216269,1.3035722838802226,-0.4700383483431283,0,0
-1.0220127972964679,-0.9770014605959065,0.8103305098409919,-0.5730659025787942,0.32246853687586435,1.5932550136313832,-0.5849188827939101,0,0
-0.05838627109211814,-0.763767014830927,0.190756064384777,-0.578796561604583,-0.6036672286997781,-1.5932550136313832,-0.4700383483431283,0,0
-1.1164859861400316,-0.5078856799129513,1.152571632092995,-1.1217765042979913,-0.04960347374841104,-1.3035722838802226,-0.3934513253759404,0,0
-0.1987464373739841,-0.188034011265482,-1.0542935355319965,-0.26934097421203357,0.8158683770515335,-1.013889554129062,-0.8529734631790672,0,0
0.3249049522160546,0.08917076822899148,-0.7592580853147515,-0.32521489971346423,0.7835142891711616,-0.7242068243779014,-0.7380929287282855,0,0
0.2871156766786292,0.43034588145295877,0.2733659904456059,-0.6604584527220605,0.7188061134104188,-0.43452409462674085,0.10436432391078077,0,0
-0.2716257544818762,0.7715209946769261,0.4090822975455389,-0.9742120343839512,0.37504392968146805,-0.14484136487558028,1.980746386606882,0,0
-0.32021196588713746,0.9634319958654078,0.037337630271808676,-1.104584527220629,0.4316635834721189,0.14484136487558028,2.4019750129264144,0,0
-0.4902637058055521,1.3046071090893752,0.8929404359018208,-1.3868194842406858,-0.14666573738952646,0.43452409462674085,1.904159363639694,0,0
-0.3822943471271935,1.5711501662955996,0.9991531979800288,-1.5458452722063016,0.24967183914502797,0.7242068243779014,1.2914631799021912,0,0
0.11166546882629673,1.7097525560428366,0.6097064036932653,-0.8309455587392521,0.4195308005169797,1.013889554129062,-0.6997994172446915,0,0
-0.1069724824973794,2.040265946978555,-0.1337829308541929,-0.6948424068767897,0.8805765528122771,1.3035722838802226,-0.3934513253759404,0,0
-0.4713690680368393,2.0935745584197996,-0.3403077460062631,-0.7908309455587362,0.892709335767417,1.5932550136313832,-0.24027727944156468,0,0
-1.4700856358116556,1.9336487240960651,2.220599961879423,-2.058739255014324,0.2658488830852135,-1.5932550136313832,1.0234085995170343,0,0
-1.005817393494714,1.6031353331603466,0.6097064036932653,-1.6905444126074465,1.4993484835243878,-1.3035722838802226,0.4490059272631253,0,0
-0.9410357782876989,1.1233578301891425,-0.15148505786722827,-2.0372492836676184,1.6813402278514786,-1.013889554129062,0.25753836984515566,0,0
0.37079192965435714,0.7715209946769261,0.10814613832394807,-1.405444126074496,1.2162502145711342,-0.7242068243779014,-0.43174483685953435,0,0
1.5989433846206853,0.18512626882323233,-0.747456667306062,-0.520057306590257,1.3820649149580395,-0.43452409462674085,-0.4700383483431283,0,0
0.5948283489119509,0.06784732365249353,-0.4111162540584025,-0.6647564469914017,0.5085045421880017,-0.14484136487558028,0.14265783539437385,0,0
-0.5172560454751417,-0.0814167883829922,0.2910681174586392,-0.86103151862464,0.3346013198310035,0.14484136487558028,1.5595177602873487,0,0
-1.1191852201069905,-0.25200434499497587,0.833933345858371,-1.4785100286532933,-0.02129364685308562,0.43452409462674085,1.444637225836567,0,0
-0.862757993245889,-0.41193017931871057,0.7454227107931983,-1.8409742120343822,0.28202592702539975,0.7242068243779014,1.329756691385785,0,0
-0.08807784472866659,-0.41193017931871057,1.341394320232032,-1.1805157593123194,0.5449028910534198,1.013889554129062,0.1809513468779678,0,0
0.1251616386610915,-0.3799450124539636,-0.7238538312886829,-0.21346704871060088,0.5085045421880017,1.3035722838802226,-0.43174483685953435,0,0
-0.2662272865479582,-0.699796681101433,-0.452421217088817,-0.5931232091690521,1.2122059535860878,1.5932550136313832,-0.6997994172446915,0,0
-0.9761258198581654,-0.7744287371191759,0.8457347638670605,-1.3223495702005708,-0.18306408625494464,-1.5932550136313832,0.33412539281234355,1,0
-0.5361506832438545,-0.4759005130482045,-1.2254140966579992,-0.6647564469914017,1.3011796952571104,-1.3035722838802226,-0.8529734631790672,1,1
0.535445201638854,-0.06009334380649424,-0.9126765194277198,-0.37535816618911017,1.123232211915066,-1.013889554129062,-0.6997994172446915,1,1
2.643546929833804,-0.19869573355373096,-0.21639285691502183,-0.435530085959884,1.0019043823636715,-0.7242068243779014,-0.5466253713103162,1,1
0.6650084320528838,-0.19869573355373096,-0.717953122284338,-0.3151862464183363,0.7835142891711616,-0.43452409462674085,0.4107124157795314,1,1
0.659609964118966,-0.188034011265482,-0.4111162540584025,-0.6604584527220605,0.29415870998053895,-0.14484136487558028,1.0234085995170343,1,1
-0.8870510989485197,-0.2839895118597228,0.07274188429787942,-0.9011461318051559,0.051503050877750756,0.14484136487558028,1.6361047832545366,1,1
-0.39039204902807045,-0.5185474022012003,0.37957875252381396,-1.1446991404011448,0.6662307206048143,0.43452409462674085,1.1765826454514092,1,1
-0.6360223400213362,-0.6358263473719391,0.3618766255107786,-1.157593123209166,0.6460094156795817,0.7242068243779014,0.9851150880334405,1,1
-0.33910660365585027,-0.657149791948437,-0.1337829308541929,-0.5759312320916876,0.6621864596197679,1.013889554129062,-0.7380929287282855,1,1
-0.7790817402701611,-0.8597225154251678,-0.664846741245233,-0.5673352435530074,1.0140371653188107,1.3035722838802226,-0.8529734631790672,1,1
-1.2622446203558155,-0.7850904594074248,0.43268513356291793,-0.4197707736389672,0.29011444899549255,1.5932550136313832,-0.04880972202359499,1,1
-0.7439916986996946,0.5476248266236976,-0.09247796782377844,0.1446991404011468,-1.5621570821557915,-1.5932550136313832,1.980746386606882,0,0
-1.2541469184549388,0.43034588145295877,-0.22229356591936555,-0.03295128939827932,-0.02129364685308562,-1.3035722838802226,0.9085280650662526,0,0
-0.07188244092691291,0.43034588145295877,-1.1133006255754463,-0.16475644699140268,0.3629111467263289,-1.013889554129062,0.9851150880334405,0,0
0.797270896433873,0.6968889386591832,-1.7859814520707642,0.554441260744986,0.043414528907657984,-0.7242068243779014,1.406343714352973,0,0
0.033387683784486796,0.9207851067124119,-1.172307715618895,0.49856733524355534,-0.3852771355072682,-0.43452409462674085,1.1765826454514092,0,0
0.8377594059382576,1.1340195524773915,-2.03381123025325,0.6676217765042992,-0.6966852313558464,-0.14484136487558028,2.8614971507295417,0,0
0.6623091980859249,1.421886054260114,-1.0306906995146174,0.36532951289398424,-0.9716949783390071,0.14484136487558028,2.172213944024851,0,0
-0.2932196262175477,1.9229870018078161,-1.5853573459230377,0.35100286532951513,-0.27203782792596726,0.43452409462674085,2.172213944024851,0,0
-0.5172560454751417,2.2108535035905383,0.621507821701955,-0.13467048710601476,-0.9959605442492854,0.7242068243779014,1.5978112717709425,0,0
0.00369611014793812,2.3921027824907712,0.13174897434132715,-0.042979942693407276,-0.21137391315027004,1.013889554129062,0.602179973197501,0,0
0.8053685983347503,2.775924784867734,-0.7120524132799922,0.5487106017191992,-0.17093130329980546,1.3035722838802226,-0.1636902564743768,0,0
-1.0463059029990984,2.765263062579485,-0.5291304341453011,0.24355300859599086,-0.7371278412063117,1.5932550136313832,2.2488009669920386,0,0
-1.583453462423932,2.733277895714738,1.9727701836969365,-0.6805157593123184,-0.30439191580633906,-1.5932550136313832,-0.35515781389234646,0,0
-1.221756110851431,2.370779337914273,-0.8418680113755804,-0.7148997134670476,-0.24777226201568825,-1.3035722838802226,1.5595177602873487,0,0
-0.22303954307661472,1.6457822223133425,-0.8241658843625461,-0.361031518624639,0.18496366338428435,-1.013889554129062,0.7170605076482829,0,0
2.05511392503675,0.910123384424163,-1.6738679809882113,0.4226361031518647,0.4518848883973515,-0.7242068243779014,-0.5849188827939101,0,0
0.9889165080879597,0.2597583248409751,-1.2490169326753782,0.5787965616045851,0.05959157284784353,-0.43452409462674085,0.7170605076482829,0,0
0.13325934056196823,-0.14538712211248608,-1.254917641679723,0.42406876790831033,-0.3974099184624081,-0.14484136487558028,1.444637225836567,0,0
0.2007401897359423,-0.6358263473719391,-1.8567899601229034,0.41690544412607583,-0.5066049650586627,0.14484136487558028,1.7126918062217245,0,0
1.3560123275943785,-0.742443570254429,-0.45832192609316175,0.2263610315186263,-0.7573491461315436,0.43452409462674085,1.7509853177053183,0,0
0.4841597562666336,-0.742443570254429,0.23796173641953516,0.14183381088825336,-0.6683754044605217,0.7242068243779014,0.6787669961646889,0,0
0.5813321790771564,-0.9130311268664126,0.12584826533698343,0.3180515759312338,-0.30034765482129266,1.013889554129062,-0.6615059057610976,0,0
1.4558839843718603,-0.9236928491546615,-0.8123644663538555,0.530085959885389,-0.25181652300073465,1.3035722838802226,-1.2742020894986001,0,0
-0.023296229521651415,-0.6038411805071923,-0.0334708777803286,0.5429799426934103,-0.3529230476268964,1.5932550136313832,-0.27857079092515863,0,0
-1.2730415562236514,-0.45457706847170654,-0.9952864454885477,0.3037249283667627,-0.8261015828773336,-1.5932550136313832,-0.3168643024087525,0,0
-1.1110875182061135,-0.10274023295949015,0.7277205837801629,-0.361031518624639,-0.09813460556896911,-1.3035722838802226,-0.1636902564743768,0,0
0.9538264665174929,-0.038769899229996276,-1.390633948779656,0.35100286532951513,-0.11835591049420102,-1.013889554129062,-0.1636902564743768,0,0
0.09816929899150173,0.17446454653498333,-0.2753999469584696,0.3395415472779374,-0.02938216882317911,-0.7242068243779014,0.4490059272631253,0,0
2.4896905937171425,0.32372865857046895,-0.2281942749237114,0.4713467048710608,-0.24777226201568825,-0.43452409462674085,0.10436432391078077,0,0
1.3560123275943785,0.2384348802644772,-1.012988572501583,0.5687679083094571,-0.579401662789499,-0.14484136487558028,0.4490059272631253,0,0
0.06038002345407633,0.13181765738198736,-2.3642509344965643,0.5114613180515767,-0.3974099184624081,0.14484136487558028,1.5212242488037546,0,0
0.47336282039879773,-0.2946512341479718,-0.045272295789018153,0.24212034383954312,-0.393365657477361,0.43452409462674085,0.5638864617139071,0,0
-0.047589335224282284,-0.5931794582189432,0.3913801705325035,0.08022922636103383,-0.6602868824904282,0.7242068243779014,0.2958318813287496,0,0
1.331719221891748,-0.721120125677931,-0.41701696306274727,0.2521489971346711,-0.3852771355072682,1.013889554129062,-0.1636902564743768,0,0
1.4288916447022704,-1.1369272949196412,0.3677773345151244,0.584527220630374,0.06363583383288991,1.3035722838802226,-1.2742020894986001,0,0
-1.1056890502721957,-1.1156038503431434,-0.021669459771639057,0.2664756446991422,-1.1051555908455406,1.5932550136313832,-0.4700383483431283,0,0
-1.005817393494714,-1.0409717943254004,-0.4465205080844722,0.24928366762177767,-0.3529230476268964,-1.5932550136313832,0.4490059272631253,0,0
-1.4188001904394352,-0.8490607931369187,-0.6825488682582684,-0.578796561604583,-0.255860783985781,-1.3035722838802226,-0.24027727944156468,0,0
-0.6252254041535003,-0.9236928491546615,-0.9421800644494437,-0.29226361031518494,-0.3165246987614782,-1.013889554129062,1.1765826454514092,0,0
1.553056407182383,-0.5931794582189432,-2.724194183761603,0.6375358166189132,0.13643253156372628,-0.7242068243779014,-0.1636902564743768,0,0
1.8499721435478687,-0.27332778957147386,-1.4791445838448296,0.6690544412607469,-0.255860783985781,-0.43452409462674085,0.4107124157795314,0,0
1.385703901230927,-0.0707550660947432,-2.0102083942358706,0.6948424068767917,-0.5308705309689417,-0.14484136487558028,1.5212242488037546,0,0
1.104983568667195,0.003876989922999654,-1.8803927961402827,0.6275071633237833,-0.45402957225305823,0.14484136487558028,1.6361047832545366,0,0
0.9349318287487801,-0.028108176941747283,-0.7592580853147515,0.21060171919770948,-1.2790588132025384,0.43452409462674085,2.057333409574069,0,0
-0.04489010125732314,0.3663755477234649,-0.11608080384115753,0.03295128939828339,-0.76139340711659,0.7242068243779014,0.5638864617139071,0,0
0.8107670662686681,0.83549132840642,0.06094046628918987,0.24498567335243654,-0.31248043777643186,1.013889554129062,-1.0827345320806305,0,0
0.08197389518974806,0.846153050694669,-0.5468325611583355,0.5716332378223505,-0.187108347239991,1.3035722838802226,-0.8529734631790672,0,0
-1.3135300657280358,0.8781382175594159,0.7690255468105773,0.18194842406876927,-0.8261015828773336,1.5932550136313832,0.9851150880334405,0,0
-1.3918078507698457,0.6968889386591832,-1.1546055886058597,-0.25071633237822133,-0.5834459237745454,-1.5932550136313832,1.444637225836567,0,0
-1.2352522806862258,0.7395358278121792,0.7395220017888525,-0.7091690544412587,0.12025548762354074,-1.3035722838802226,1.0999956224842213,0,0
0.451768948663126,0.7928444392534242,-2.665187093718154,0.08166189111747953,0.34673410278614336,-1.013889554129062,0.1809513468779678,0,0
1.1427728442046206,0.6115951603531915,-1.7741800340620746,0.4813753581661908,0.16069809747400532,-0.7242068243779014,-0.3168643024087525,0,0
2.3007442160300156,0.5263013820471997,-1.2726197686927583,0.5587392550143272,-0.0657805176885973,-0.43452409462674085,0.3724189042959375,0,0
1.094186632799359,0.3663755477234649,-1.892194214148972,0.713467048710604,-0.6683754044605217,-0.14484136487558028,1.7126918062217245,0,0
1.0024126779227542,0.2490966025527262,-1.148704879601515,0.5415472779369647,-0.5915344457446382,0.14484136487558028,1.7892788291889123,0,0
0.4031827372578645,-0.0814167883829922,-1.7151729440186259,0.34240687679083287,-0.6764639264306145,0.43452409462674085,1.904159363639694,0,0
0.35189729188564434,-0.10274023295949015,0.09634472031525851,-0.05587392550143068,-0.8018360169670553,0.7242068243779014,0.5638864617139071,0,0
0.9727211042862057,0.3876989922999629,-0.4642226350975065,0.18767908309455814,-0.27608208891101366,1.013889554129062,0.14265783539437385,0,0
1.102284334700236,0.44100760374120773,-0.6530453232365435,0.7865329512893992,0.23753905618988808,1.3035722838802226,-0.6997994172446915,0,0
-0.9032465027502734,0.49431621518245267,-0.535031143149646,0.6189111747851009,0.35077836377118976,1.5932550136313832,0.33412539281234355,0,0
-1.4295971263072713,0.6542420495061874,0.3441744984977453,-0.10171919770773544,-0.9029425415932171,-1.5932550136313832,0.9851150880334405,0,0
-0.7574878685344895,0.37703727001171394,0.993252488975683,-0.6446991404011437,-0.9433851514436816,-1.3035722838802226,1.329756691385785,0,0
-0.4713690680368393,0.44100760374120773,-0.2872013649671591,-0.4541547277936942,-0.6885967093857536,-1.013889554129062,0.2192448583615617,0,0
0.4922574581675103,0.334390380858718,-1.4732438748404848,0.2535816618911188,0.1283440095936335,-0.7242068243779014,0.4490059272631253,0,0
0.799970130400832,-0.3479598455892167,-2.0456126482619403,0.5386819484240692,-0.13857721541943369,-0.43452409462674085,1.2531696684185971,0,0
2.4465028502457997,-0.4759005130482045,-0.6294424872191644,0.5472779369627515,-0.6562426215053818,-0.14484136487558028,1.4829307373201608,0,0
1.3695084974291736,-0.4439153461834575,-1.1959105516362742,0.49283667621776645,-0.5996229677147317,0.14484136487558028,1.1382891339678154,0,0
-0.12316788629913307,-0.753105292542678,-1.4024353667883454,0.3051575931232104,-0.6845524484007072,0.43452409462674085,0.6787669961646889,0,0
0.1980409557689834,-1.0196483497489024,0.20845819139781235,-0.01575931232091478,-0.5146934870287554,0.7242068243779014,0.25753836984515566,0,0
-1.2109591749835953,-1.4567789635671105,-0.009868041762949512,-0.4197707736389672,-0.6521983605203354,1.013889554129062,-0.010516210540001052,0,0
-1.1920645372148824,-1.6273665201790943,-0.7651587943190973,0.09025787965616179,0.24158331717493448,1.3035722838802226,-1.5039631584001638,0,0
-0.7412924647327357,-1.2968531292433758,0.2556638634325705,-0.2578796561604559,-0.33270174270166447,1.5932550136313832,-0.20198376795797074,0,0
-0.7439916986996946,-1.0516335166136492,0.4975929326107115,-0.30515759312320834,-0.9352966294735888,-1.5932550136313832,0.7170605076482829,0,0
-0.5766391927482389,-1.0836186834783963,-0.8949743924146845,-0.19770773638968406,0.06363583383288991,-1.3035722838802226,-0.010516210540001052,0,0
-0.4902637058055521,-0.9130311268664126,-2.193130373370563,0.0042979942693431705,-0.3610115695969892,-1.013889554129062,-0.12539674499078285,0,0
-0.03949163332340533,-0.8170756262721718,-0.17508789388460735,0.3209169054441272,-0.07791330064373646,-0.7242068243779014,1.0234085995170343,0,0
-1.5105741453160402,-0.5505325690659473,-1.526350255879589,0.2134670487106029,-0.2315952180755027,-0.43452409462674085,1.2914631799021912,0,0
-0.2554303506801223,-0.41193017931871057,-0.4996268891235762,0.17048710601719358,-0.8665441927277981,-0.14484136487558028,1.5212242488037546,0,0
-1.2595453863888564,-0.5398708467776984,-1.9334991771793866,0.10458452722063293,-0.7128622752960326,0.14484136487558028,2.9763776851803234,0,0
-1.221756110851431,-0.6891349588131841,-0.8831729744059948,-0.4140401146131783,-0.5874901847595918,0.43452409462674085,1.7892788291889123,0,0
-0.5334514492768956,-0.7317818479661801,-0.02757016877598488,-0.5945558739254999,-0.6926409703708,0.7242068243779014,1.5978112717709425,0,0
-0.6144284682856644,-1.1262655726313922,0.04913904828050032,-0.02435530085959705,0.04745878989270437,1.013889554129062,0.5255929502303132,0,0
-0.9032465027502734,-1.1262655726313922,0.1671532283673979,-0.011461318051573645,0.08790139974316895,1.3035722838802226,0.06607081242718682,0,0
-1.3297254695297898,-1.2008976286491349,0.2674652814412601,-0.4942693409742101,0.2739374050553063,1.5932550136313832,0.48729943874671927,0,0
-1.2622446203558155,-0.9983249051724045,0.0019333762457400363,-1.3338108882521464,-0.14262147640448006,-1.5932550136313832,0.2958318813287496,0,0
-0.4902637058055521,-0.9663397383076575,-1.5440523828926231,-0.7650429799426914,-0.06982477867364369,-1.3035722838802226,0.5255929502303132,0,0
0.29791261254646506,-1.1049421280548943,-1.3198254407275176,0.2693409742120356,0.26180462210016714,-1.013889554129062,0.1809513468779678,0,0
1.3911023691648452,-1.232882795513882,-1.626662308953452,0.32664756446991605,-0.20732965216522367,-0.7242068243779014,0.2958318813287496,0,0
3.175296021324719,-1.243544517802131,-1.1133006255754463,0.6160458452722076,-0.21541817413531644,-0.43452409462674085,0.8702345535826587,0,0
1.1319759083367846,-0.9130311268664126,-1.3139247317231728,0.5873925501432674,-0.62388853362501,-0.14484136487558028,0.5638864617139071,0,0
1.8688667813165816,-0.8703842377134168,-0.9834850274798581,0.5272206303724936,-0.5349147919539881,0.14484136487558028,1.2531696684185971,0,0
0.6973992396563917,-1.1689124617843882,-0.2813006559628154,0.36676217765043195,-0.8827212366679844,0.43452409462674085,1.2148761569350033,0,0
0.24932640114120377,-1.2755296846668778,-0.41701696306274727,0.025787965616046807,-0.28012634989606006,0.7242068243779014,0.602179973197501,0,0
0.8215640021365037,-1.179574184072637,-0.06887513180639934,0.3080229226361038,-0.48233939914838364,1.013889554129062,-0.4700383483431283,0,0
0.1629509141985169,-1.0836186834783963,-1.148704879601515,0.6733524355300881,0.21731775126465616,1.3035722838802226,-1.1593215550478182,0,0
-0.7223978269640229,-0.9770014605959065,1.1230680870712701,0.3452722063037263,-1.1698637666062834,1.5932550136313832,-0.1636902564743768,0,0
0.5030543940353461,-0.763767014830927,-0.009868041762949512,0.36819484240687766,-1.5459800382156057,-1.5932550136313832,0.027777300943592886,0,0
-1.165072197545293,-0.5078856799129513,1.364997156249411,-0.09312320916905317,-1.3437669889632822,-1.3035722838802226,1.2531696684185971,0,0
-0.20414490530790216,-0.188034011265482,-2.4940665325921527,0.2808022922636113,0.35482262475623616,-1.013889554129062,-0.20198376795797074,0,0
1.188659821642923,0.08917076822899148,-1.9630027222011115,0.5716332378223505,-0.12240017147924741,-0.7242068243779014,-0.1636902564743768,0,0
1.8526713775148276,0.43034588145295877,-0.906775810423374,0.5630372492836683,-0.04960347374841104,-0.43452409462674085,1.0234085995170343,0,0
1.2561406708168972,0.7715209946769261,-0.7710595033234421,0.5128939828080245,-0.4985164430885699,-0.14484136487558028,2.2870944784756326,0,0
0.8647517456078472,0.9634319958654078,-1.278520477697103,0.6432664756447001,-0.2679935669409209,0.14484136487558028,2.8232036392459476,0,0
0.2574241030420805,1.3046071090893752,0.27926669944994964,0.15186246418338337,-0.8180130609072408,0.43452409462674085,1.5978112717709425,0,0
0.376190397588275,1.5711501662955996,0.6097064036932653,0.03868194842407021,-0.12240017147924741,0.7242068243779014,1.329756691385785,0,0
0.8431578738721754,1.7097525560428366,0.3736780435194681,0.0014326647564477236,-0.3852771355072682,1.013889554129062,-0.5466253713103162,0,0
0.5246482657710179,2.040265946978555,-0.3934141270453682,0.4312320916905449,0.0676800948179363,1.3035722838802226,0.2958318813287496,0,0
0.40588197122482367,2.0935745584197996,-0.7297545402930277,0.6719197707736403,-0.10622312753906188,1.5932550136313832,0.10436432391078077,0,0
-1.5780549944900142,1.9336487240960651,2.415323359022804,-0.29083094555873723,-0.6158000116549173,-1.5932550136313832,1.329756691385785,0,0
-1.0274112652303857,1.6031353331603466,-0.44061979908012744,-0.24498567335243449,0.2739374050553063,-1.3035722838802226,0.8702345535826587,0,0
-0.646819275889172,1.1233578301891425,-1.3434282767448966,-0.10888252148996998,-0.03747069079327188,-1.013889554129062,0.8319410420990647,0,0
0.376190397588275,0.7715209946769261,-0.19869072990198647,0.0759312320916927,-0.04960347374841104,-0.7242068243779014,0.9468215765498466,0,0
2.94046266619929,0.18512626882323233,-1.390633948779656,0.6604584527220646,0.4559291493823979,-0.43452409462674085,1.1382891339678154,0,0
1.0563973572619338,0.06784732365249353,-0.6825488682582684,0.6704871060171925,-0.2882148718661528,-0.14484136487558028,1.368050202869379,0,0
0.02528998188360984,-0.0814167883829922,-1.8508892511185588,0.6661891117478514,-0.7816147120418226,0.14484136487558028,2.2870944784756326,0,0
-0.7035031891953102,-0.25200434499497587,-0.2517971109410905,0.10601719197707861,-0.6319770555951035,0.43452409462674085,1.7126918062217245,0,0
-0.784480208204079,-0.41193017931871057,0.11404684732829388,-0.2851002865329504,-0.07386903965869007,0.7242068243779014,1.5978112717709425,0,0
0.6353168584163355,-0.41193017931871057,1.075862415036512,0.05730659025788044,-0.24777226201568825,1.013889554129062,0.602179973197501,0,0
0.6812038358546377,-0.3799450124539636,-0.9539814824581332,0.5372492836676235,-0.5591803578642663,1.3035722838802226,-0.6615059057610976,0,0
0.19534172180202447,-0.699796681101433,-0.5645346881713698,0.554441260744986,-0.17901982526989824,1.5932550136313832,0.10436432391078077,0,0
-0.6171277022526235,-0.7744287371191759,0.2910681174586392,0.19484240687679266,-0.7735261900717298,-1.5932550136313832,1.0617021110006284,1,0
-0.8978480348163554,-0.4759005130482045,-1.2962226047101375,0.11318051575931315,0.34268984180109624,-1.3035722838802226,0.7553540191318768,1,1
0.6137229866806637,-0.06009334380649424,-1.5027474198622097,0.46131805157593286,-0.2275509570904563,-1.013889554129062,0.4107124157795314,1,1
3.113213640084664,-0.19869573355373096,-0.8123644663538555,0.6805157593123226,-0.2963033938362463,-0.7242068243779014,0.5255929502303132,1,1
2.3277365556996052,-0.19869573355373096,-1.0542935355319965,0.8538681948424075,-0.03747069079327188,-0.43452409462674085,1.5978112717709425,1,1
2.621953058098132,-0.188034011265482,-1.5440523828926231,0.8237822349570216,-0.8422786268175199,-0.14484136487558028,2.095626921057663,1,1
0.33300265411693153,-0.2839895118597228,-1.7682793250577298,0.7535816618911177,-0.42571974535773277,0.14484136487558028,2.74661661627876,1,1
0.967322636352288,-0.5185474022012003,-0.6707474502495788,0.6991404011461327,-0.5308705309689417,0.43452409462674085,2.3253879899592267,1,1
0.07117695932191219,-0.6358263473719391,-0.3108042009845403,0.5487106017191992,-0.20732965216522367,0.7242068243779014,1.980746386606882,1,1
0.2790179747777522,-0.657149791948437,-0.6235417782148196,0.6518624641833823,-0.30439191580633906,1.013889554129062,0.7170605076482829,1,1
-0.33100890175497333,-0.8597225154251678,-0.9185772284320646,0.6232091690544421,0.09194566072821533,1.3035722838802226,0.48729943874671927,1,1
-1.143478325809621,-0.7850904594074248,-0.009868041762949512,0.3954154727793701,-0.62388853362501,1.5932550136313832,-0.27857079092515863,1,1
-0.7466909326666537,0.5476248266236976,1.6718340244753476,-0.37106017191976903,0.21327349027960976,-1.5932550136313832,-0.20198376795797074,0,0
-1.219056876884472,0.43034588145295877,1.8665574216187284,-0.6432664756446981,1.3820649149580395,-1.3035722838802226,-0.4700383483431283,0,0
-0.15285945993568176,0.43034588145295877,1.4063021192798255,-0.7908309455587362,1.5317025714047594,-1.013889554129062,-0.3168643024087525,0,0
0.7945716624669141,0.6968889386591832,-0.15148505786722827,0.35386819484240856,1.5195697884496195,-0.7242068243779014,-0.1636902564743768,0,0
0.15755244626459908,0.9207851067124119,0.16125251936305207,0.4226361031518647,1.4305960467785976,-0.43452409462674085,-0.6615059057610976,0,0
0.8998417871783139,1.1340195524773915,-1.1310027525884807,0.6031518624641842,0.892709335767417,-0.14484136487558028,-0.8529734631790672,0,0
0.7405869831277351,1.421886054260114,-0.015768750767295333,0.3295128939828095,0.37908819066651445,0.14484136487558028,-0.8912669746626611,0,0
-0.1960472034070252,1.9229870018078161,-0.5468325611583355,0.2693409742120356,1.1596305607804842,0.43452409462674085,-0.8912669746626611,0,0
-0.4686698340698804,2.2108535035905383,2.2383020888924565,-0.2607449856733513,0.8280011600066733,0.7242068243779014,-0.8912669746626611,0,0
0.02528998188360984,2.3921027824907712,1.2823872301885841,-0.28080229226360925,1.0261699482739506,1.013889554129062,-1.044441020597037,0,0
0.7864739605660375,2.775924784867734,0.4090822975455389,0.49856733524355534,1.0544797751692758,1.3035722838802226,-0.8912669746626611,0,0
-1.0274112652303857,2.765263062579485,1.0345574520060974,-0.09885386819483999,0.8563109869019987,1.5932550136313832,-0.7380929287282855,0,0
-1.5672580586221785,2.733277895714738,3.3889403447397113,-1.782234957020054,1.0989666460047869,-1.5932550136313832,-0.8529734631790672,0,0
-1.219056876884472,2.370779337914273,1.3885999922667922,-1.9871060171919745,1.2000731706309486,-1.3035722838802226,-0.35515781389234646,0,0
-0.29861809415146573,1.6457822223133425,0.4975929326107115,-1.2550143266475624,2.251581026743032,-1.013889554129062,-0.20198376795797074,0,0
1.9498438003253502,0.910123384424163,-0.3580098730192985,0.35530085959885627,1.592366486180456,-0.7242068243779014,-0.8146799516954732,0,0
1.1238782064359079,0.2597583248409751,-0.5704353971757156,0.5085959885386833,1.4993484835243878,-0.43452409462674085,-0.967853997629849,0,0
0.24392793320728573,-0.14538712211248608,-0.41701696306274727,0.41833810888252354,0.7188061134104188,-0.14484136487558028,-1.044441020597037,0,0
0.3033110804803831,-0.6358263473719391,-1.0601942445363424,0.3882521489971356,0.9291076846328351,0.14484136487558028,-1.044441020597037,0,0
1.4153954748674757,-0.742443570254429,1.0050539069843725,0.09598853868195065,0.7754257672010688,0.43452409462674085,-1.044441020597037,0,0
0.5246482657710179,-0.742443570254429,1.7544439505361744,0.11318051575931315,0.6338766327244425,0.7242068243779014,-1.006147509113443,0,0
0.6083245187467459,-0.9130311268664126,1.022756033997408,0.2951289398280824,1.3092682172272032,1.013889554129062,-1.044441020597037,0,0
1.480177090074491,-0.9236928491546615,0.2910681174586392,0.5214899713467067,1.0383027312290896,1.3035722838802226,-1.0827345320806305,0,0
-0.1447617580348048,-0.6038411805071923,1.3059900662059634,0.530085959885389,0.8967535967524632,1.5932550136313832,-0.7380929287282855,0,0
-1.2892369600254052,-0.45457706847170654,1.0876638330452015,0.1446991404011468,0.6096110668141634,-1.5932550136313832,-0.7380929287282855,0,0
-1.1353806239087443,-0.10274023295949015,2.598245338157495,-1.1002865329512876,0.8482224649319052,-1.3035722838802226,-0.43174483685953435,0,0
0.8539548097400116,-0.038769899229996276,0.4975929326107115,-0.057306590257878404,1.2162502145711342,-1.013889554129062,-0.20198376795797074,0,0
0.0738761932888711,0.17446454653498333,1.046358870014787,0.08022922636103383,1.3456665660926215,-0.7242068243779014,-0.5849188827939101,0,0
2.3817212350387846,0.32372865857046895,0.5093943506194011,0.48567335243553195,0.8603552478870451,-0.43452409462674085,-0.8529734631790672,0,0
1.4369893466031476,0.2384348802644772,-0.47012334410185236,0.5630372492836683,0.7794700281861152,-0.14484136487558028,-1.044441020597037,0,0
0.19264248783506557,0.13181765738198736,-1.4850452928491744,0.5429799426934103,0.7026290694702325,0.14484136487558028,-0.9295604861462551,0,0
0.5597383073414847,-0.2946512341479718,0.9047418539105103,0.28366762177650673,0.7188061134104188,0.43452409462674085,-0.967853997629849,0,0
0.11976317072717345,-0.5931794582189432,1.2941886481972737,0.16475644699140474,1.0787453410795542,0.7242068243779014,-0.967853997629849,0,0
1.3911023691648452,-0.721120125677931,1.052259579019133,0.23782234957020199,1.005948643348718,1.013889554129062,-1.235908578015006,0,0
1.2750353085856094,-1.1369272949196412,1.5184155903623793,0.6590257879656168,1.5559681373150378,1.3035722838802226,-0.9295604861462551,0,0
-1.1164859861400316,-1.1156038503431434,2.143890744822938,0.1432664756447011,0.548947152038467,1.5932550136313832,-0.6997994172446915,0,0
-1.0139150953955909,-1.0409717943254004,1.6246283524405873,-0.12034383954154566,1.1960289096459022,-1.5932550136313832,-0.5466253713103162,0,0
-1.5429649529195477,-0.8490607931369187,2.733961645257428,-1.6604584527220605,0.9533732505431142,-1.3035722838802226,-0.6232123942775036,0,0
-0.5010606416733879,-0.9236928491546615,0.7749262558149211,-1.1375358166189082,1.4831714395842015,-1.013889554129062,-0.43174483685953435,0,0
1.5098686637110394,-0.5931794582189432,-1.5558538009013139,0.4899713467048731,1.410374741853365,-0.7242068243779014,-0.4700383483431283,0,0
1.8553706114817865,-0.27332778957147386,-0.37571200003233385,0.6919770773638982,1.1677190827505768,-0.43452409462674085,-0.5849188827939101,0,0
1.3695084974291736,-0.0707550660947432,-1.6974708170055903,0.6389684813753589,0.7835142891711616,-0.14484136487558028,-0.967853997629849,0,0
1.1697651838742102,0.003876989922999654,-1.2431162236710334,0.5902578796561607,0.6985848084851861,0.14484136487558028,-0.967853997629849,0,0
0.9889165080879597,-0.028108176941747283,0.59200427668023,0.12320916905444315,0.4478406274123052,0.43452409462674085,-1.044441020597037,0,0
0.02798921585056875,0.3663755477234649,1.1584723410973408,-0.03724928366762045,0.6702749815898607,0.7242068243779014,-1.0827345320806305,0,0
0.9079394890791906,0.83549132840642,1.4004014102754818,0.27363896848137675,0.8522667259169523,1.013889554129062,-1.006147509113443,0,0
0.06307925742103523,0.846153050694669,0.8988411449061645,0.6074498567335254,1.2445600414664597,1.3035722838802226,-0.967853997629849,0,0
-1.3324247034967487,0.8781382175594159,2.645451010192255,-0.15329512893982702,0.8724880308421843,1.5932550136313832,-0.5466253713103162,0,0
-1.4214994244063943,0.6968889386591832,1.3826992832624465,-1.0659025787965586,1.1313207338851587,-1.5932550136313832,-0.5083318598267222,0,0
-1.2919361939923641,0.7395358278121792,2.89328078837474,-1.846704871060169,1.5074370054944803,-1.3035722838802226,-0.35515781389234646,0,0
0.3303034201499726,0.7928444392534242,-1.0011871544928925,-0.4770773638968456,1.6247205740608277,-1.013889554129062,-0.5083318598267222,0,0
1.0995851007332773,0.6115951603531915,-0.2753999469584696,0.2765042979942702,1.6085435301206423,-0.7242068243779014,-0.6232123942775036,0,0
2.2791503442943437,0.5263013820471997,-0.2872013649671591,0.520057306590259,1.592366486180456,-0.43452409462674085,-0.6997994172446915,0,0
1.2642383727177737,0.3663755477234649,-1.2195133876536544,0.7020057306590262,0.8482224649319052,-0.14484136487558028,-0.6997994172446915,0,0
1.1130812705680717,0.2490966025527262,-0.44061979908012744,0.45128939828080283,1.0504355141842288,0.14484136487558028,-0.8146799516954732,0,0
0.49765592610142834,-0.0814167883829922,-0.3344070370019194,0.2650429799426945,0.8684437698571379,0.43452409462674085,-0.8529734631790672,0,0
0.4355735448613721,-0.10274023295949015,1.4358056643015504,-0.13180515759312134,0.7632929842459297,0.7242068243779014,-0.9295604861462551,0,0
0.9727211042862057,0.3876989922999629,0.5861035676758841,0.16905444126074587,0.8199126380365805,1.013889554129062,-0.7763864402118794,0,0
1.1319759083367846,0.44100760374120773,0.7985290918323023,0.7464183381088833,1.6772959668664322,1.3035722838802226,-0.8912669746626611,0,0
-0.8762541630806838,0.49431621518245267,1.0109546159887184,0.5573065902578814,1.6247205740608277,1.5932550136313832,-0.6615059057610976,0,0
-1.3405224053976255,0.6542420495061874,2.1025857817925235,-0.7378223495701989,0.44379636642725806,-1.5932550136313832,-0.5083318598267222,0,0
-0.9545319481224938,0.37703727001171394,2.9640892964268795,-1.6303724928366747,0.892709335767417,-1.3035722838802226,-0.35515781389234646,0,0
-0.26892652051491706,0.44100760374120773,1.5361177173754148,-1.21776504297994,0.9452847285730206,-1.013889554129062,-0.43174483685953435,0,0
0.5678360092423613,0.334390380858718,0.30877024447167456,0.05444126074498703,1.1394092558552515,-0.7242068243779014,-0.3934513253759404,0,0
0.8728494475087244,-0.3479598455892167,-0.47012334410185236,0.5343839541547301,1.2526485634365525,-0.43452409462674085,-0.7763864402118794,0,0
2.203571793219493,-0.4759005130482045,0.3323730804890537,0.4484240687679094,0.6217438497693033,-0.14484136487558028,-0.5083318598267222,0,0
1.2507422028829789,-0.4439153461834575,-0.4052155450540577,0.3896848137535833,0.7268946353805115,0.14484136487558028,-0.8146799516954732,0,0
-0.09347631266258463,-0.753105292542678,-0.558633979167025,0.2693409742120356,0.674319242574907,0.43452409462674085,-0.8912669746626611,0,0
0.20613865766986034,-1.0196483497489024,1.347295029236378,-0.021489971346703638,0.7349831573506043,0.7242068243779014,-0.967853997629849,0,0
-1.2622446203558155,-1.4567789635671105,1.4594085003189294,-0.7005730659025764,0.7390274183356507,1.013889554129062,-1.1210280435642244,0,0
-1.370213979034174,-1.6273665201790943,-0.10427938583246799,-0.6045845272206278,1.6570746619411996,1.3035722838802226,-1.0827345320806305,0,0
-0.9599304160564117,-1.2968531292433758,1.606926225427552,-1.0315186246418315,1.3537550880627143,1.5932550136313832,-0.6997994172446915,0,0
-0.8033748459727919,-1.0516335166136492,1.8547560036100388,-0.8567335243552989,0.7794700281861152,-1.5932550136313832,-0.6997994172446915,0,0
-0.5010606416733879,-1.0836186834783963,1.742642532527485,-0.8223495702005719,1.248604302451506,-1.3035722838802226,-0.7380929287282855,0,0
-0.6225261701865413,-0.9130311268664126,-0.14558434886288246,-0.48567335243552784,1.1070551679748797,-1.013889554129062,-0.3168643024087525,0,0
-0.20144567134094302,-0.8170756262721718,0.8516354728714063,0.041547277936963625,1.0625682971393686,-0.7242068243779014,-0.04880972202359499,0,0
-1.6374381417631114,-0.5505325690659473,-0.5645346881713698,-0.4684813753581633,1.2769141293468314,-0.43452409462674085,-0.1636902564743768,0,0
-1.2109591749835953,-0.41193017931871057,-0.12788222184984707,-1.088825214899712,0.8239568990216269,-0.14484136487558028,0.10436432391078077,0,0
-1.5591603567213015,-0.5398708467776984,-1.2372155146666886,-1.306590257879654,0.7835142891711616,0.14484136487558028,0.5638864617139071,0,0
-1.594250398291768,-0.6891349588131841,0.019635503258775406,-2.1361031518624602,1.1636748217655304,0.43452409462674085,0.640473484681095,0,0
-1.1839668353140056,-0.7317818479661801,1.0050539069843725,-2.103151862464181,1.005948643348718,0.7242068243779014,0.48729943874671927,0,0
-1.0139150953955909,-1.1262655726313922,0.7926283828279564,-0.9842406876790811,1.5317025714047594,1.013889554129062,0.48729943874671927,0,0
-1.154275261677457,-1.1262655726313922,2.4861318670749433,-1.2435530085959867,1.7500926645972685,1.3035722838802226,0.1809513468779678,0,0
-1.2379515146531848,-1.2008976286491349,1.9491673476795572,-1.6303724928366747,1.6732517058813858,1.5932550136313832,-0.12539674499078285,0,0
-1.297334661926282,-0.9983249051724045,1.8665574216187284,-2.916905444126071,1.4427288297337368,-1.5932550136313832,-0.20198376795797074,0,0
-0.5199552794421008,-0.9663397383076575,0.4090822975455389,-1.8280802292263587,1.628764835045875,-1.3035722838802226,-0.08710323350718893,0,0
0.2871156766786292,-1.1049421280548943,0.3677773345151244,0.044412607449859066,1.604499269135596,-1.013889554129062,-0.1636902564743768,0,0
1.5773495128850135,-1.232882795513882,0.07864259330222315,0.2005730659025795,1.4144190028384114,-0.7242068243779014,-0.4700383483431283,0,0
3.3075584857057088,-1.243544517802131,-0.5645346881713698,0.6060171919770796,1.1151436899449725,-0.43452409462674085,-0.6615059057610976,0,0
1.2318475651142664,-0.9130311268664126,-1.4083360757926913,0.6275071633237833,0.6985848084851861,-0.14484136487558028,-0.6615059057610976,0,0
1.966039204127104,-0.8703842377134168,-0.13968363985853663,0.4770773638968497,0.9574175115281606,0.14484136487558028,-0.7763864402118794,0,0
0.9646234023853291,-1.1689124617843882,0.7631248378062315,0.22206303724928517,0.6621864596197679,0.43452409462674085,-0.8146799516954732,0,0
0.4571674165970438,-1.2755296846668778,0.5329971866367802,0.08309455587392725,0.7875585501562087,0.7242068243779014,-0.8529734631790672,0,0
0.8647517456078472,-1.179574184072637,1.1289687960756158,0.3223495702005749,0.6621864596197679,1.013889554129062,-0.6997994172446915,0,0
0.1845447859341886,-1.0836186834783963,-0.10427938583246799,0.7893982808022926,1.1515420388103905,1.3035722838802226,-0.8912669746626611,0,0
-0.646819275889172,-0.9770014605959065,2.4330254860358393,0.12750716332378428,0.21327349027960976,1.5932550136313832,-0.6232123942775036,0,0
0.4031827372578645,-0.763767014830927,1.848855294605693,0.01575931232091885,0.15665383648895895,-1.5932550136313832,-0.4700383483431283,0,0
-1.162372963578334,-0.5078856799129513,2.722160227248738,-0.8653295128939812,0.43975210544221166,-1.3035722838802226,-0.24027727944156468,0,0
-0.22843801101053277,-0.188034011265482,0.07274188429787942,-0.24212034383953904,1.487215700569248,-1.013889554129062,-0.43174483685953435,0,0
1.2345467990812253,0.08917076822899148,-0.535031143149646,0.4484240687679094,1.373976392987947,-0.7242068243779014,-0.5083318598267222,0,0
1.979535373961899,0.43034588145295877,-0.07477584081074307,0.4842406876790842,1.2769141293468314,-0.43452409462674085,-0.5849188827939101,0,0
1.485575558008409,0.7715209946769261,-0.3403077460062631,0.4484240687679094,0.6338766327244425,-0.14484136487558028,-0.8529734631790672,0,0
0.9727211042862057,0.9634319958654078,-0.07477584081074307,0.5315186246418346,1.1272764729001123,0.14484136487558028,-0.6997994172446915,0,0
0.368092695687398,1.3046071090893752,1.317791484214653,0.025787965616046807,0.6176995887842569,0.43452409462674085,-0.8529734631790672,0,0
0.41667890709265953,1.5711501662955996,1.9078623846491427,-0.0014326647564456875,1.2445600414664597,0.7242068243779014,-0.7380929287282855,0,0
0.8215640021365037,1.7097525560428366,1.500713463349344,-0.027220630372490458,1.111099428959926,1.013889554129062,-1.044441020597037,0,0
0.6164222206476226,2.040265946978555,0.963748943953958,0.36389684813753653,1.1960289096459022,1.3035722838802226,-0.967853997629849,0,0
0.3572957598195622,2.0935745584197996,0.4739900965933324,0.6518624641833823,1.4993484835243878,1.5932550136313832,-0.6615059057610976,0,0
-1.5780549944900142,1.9336487240960651,3.3653375087223325,-1.0974212034383923,1.1677190827505768,-1.5932550136313832,-0.43174483685953435,0,0
-0.9842235217590424,1.6031353331603466,1.3236921932189967,-0.9426934097421176,1.7581811865673613,-1.3035722838802226,-0.5083318598267222,0,0
-0.5280529813429775,1.1233578301891425,0.5270964776324364,-0.7005730659025764,1.8835532771038022,-1.013889554129062,-0.3934513253759404,0,0
0.33570188808389045,0.7715209946769261,0.5447986046454718,-0.3553008595988522,1.7905352744477332,-0.7242068243779014,-0.24027727944156468,0,0
2.9107710925627415,0.18512626882323233,-0.6235417782148196,0.5945558739255019,1.6611189229262466,-0.43452409462674085,-0.5466253713103162,0,0
1.2048552254446765,0.06784732365249353,-0.03937158678467443,0.6361031518624656,1.042346992214136,-0.14484136487558028,-0.6997994172446915,0,0
0.14945474436372214,-0.0814167883829922,-1.284421186701448,0.6446991404011478,0.38717671263660797,0.14484136487558028,-0.7380929287282855,0,0
-0.6009322984508696,-0.25200434499497587,0.5684014406628509,0.037249283667622486,0.7996913331113479,0.43452409462674085,-0.7380929287282855,0,0
-0.7062024231622691,-0.41193017931871057,1.2174794311407886,-0.5802292263610287,0.836089681976766,0.7242068243779014,-0.8146799516954732,0,0
0.7135946434581456,-0.41193017931871057,2.267805633914181,-0.042979942693407276,1.204117431615995,1.013889554129062,-0.6232123942775036,0,0
0.6893015377555145,-0.3799450124539636,0.751323419797542,0.5128939828080245,1.236471519496367,1.3035722838802226,-0.7380929287282855,0,0
0.09547006502454282,-0.699796681101433,1.1466709230886514,0.3438395415472786,1.5600123983000849,1.5932550136313832,-0.5849188827939101,0,0
-0.6819093174596385,-0.7744287371191759,1.3531957382407216,-0.3782234957020036,0.6298323717393961,-1.5932550136313832,-0.3934513253759404,1,0
-0.8978480348163554,-0.4759005130482045,1.3885999922667922,-0.5272206303724915,1.5964107471655031,-1.3035722838802226,-0.24027727944156468,1,1
0.5192497978371001,-0.06009334380649424,0.5211957686280906,0.1446991404011468,1.6125877911056887,-1.013889554129062,-0.20198376795797074,1,1
2.616554590164214,-0.19869573355373096,-0.05117300479336397,0.48567335243553195,1.2890469123019705,-0.7242068243779014,-0.5849188827939101,1,1
2.5031867635519376,-0.19869573355373096,0.03143692126746495,0.7234957020057319,1.3901534369281323,-0.43452409462674085,-0.5466253713103162,1,1
2.854087179256603,-0.188034011265482,-0.9126765194277198,0.7106017191977084,0.9614617725132069,-0.14484136487558028,-0.6615059057610976,1,1
0.5867306470110741,-0.2839895118597228,-0.8477687203799252,0.663323782234958,0.9452847285730206,0.14484136487558028,-0.5849188827939101,1,1
0.9754203382531647,-0.5185474022012003,0.42678442455857213,0.5415472779369647,1.005948643348718,0.43452409462674085,-0.5466253713103162,1,1
-0.03679239935644642,-0.6358263473719391,1.1348695050799618,0.33667621776504403,0.949328989558067,0.7242068243779014,-0.6997994172446915,1,1
0.6245199225484998,-0.657149791948437,0.6392099487149903,0.5171919770773655,1.086833863049647,1.013889554129062,-0.6615059057610976,1,1
-0.2878211582836299,-0.8597225154251678,0.013734794254429583,0.5601719197707749,1.5883222251954097,1.3035722838802226,-0.6615059057610976,1,1
-1.09489211440436,-0.7850904594074248,1.6718340244753476,0.282234957020059,0.9371962066029279,1.5932550136313832,-0.8146799516954732,1,1
-0.9032465027502734,0.5476248266236976,0.8811390178931291,0.040114613180517934,-2.8199222485052444,-1.5932550136313832,0.5638864617139071,0,0
-1.2109591749835953,0.43034588145295877,0.2556638634325705,-0.01575931232091478,-1.040447415084797,-1.3035722838802226,-0.35515781389234646,0,0
-0.24463341481228645,0.43034588145295877,-0.0570737137977098,-0.0845272206303709,-0.716906536281079,-1.013889554129062,-0.3168643024087525,0,0
0.40588197122482367,0.6968889386591832,-0.9421800644494437,0.26074498567335336,-0.7735261900717298,-0.7242068243779014,0.1809513468779678,0,0
-0.34990353952368614,0.9207851067124119,-0.4642226350975065,0.20200573065902722,-1.3114129010829103,-0.43452409462674085,0.2958318813287496,0,0
0.04418461965232266,1.1340195524773915,-1.1546055886058597,0.32808022922636176,-1.416563686694119,-0.14484136487558028,2.2870944784756326,0,0
0.02528998188360984,1.421886054260114,-0.6589460322408882,0.12177650429799543,-1.94231761475016,0.14484136487558028,1.6361047832545366,0,0
-0.5847368946491158,1.9229870018078161,-1.308024022718828,0.09455587392550292,-1.0889785469053543,0.43452409462674085,1.6743982947381304,0,0
-0.7547886345675304,2.2108535035905383,0.41498300654988257,-0.2979942693409718,-2.0596011833165075,0.7242068243779014,1.1382891339678154,0,0
-0.3229111998540964,2.3921027824907712,-0.29900278297585076,-0.12034383954154566,-1.2305276813819808,1.013889554129062,-0.24027727944156468,0,0
0.35459652585260326,2.775924784867734,-0.7356552492973724,0.3352435530085983,-1.0566244590249827,1.3035722838802226,-1.1976150665314123,0,0
-1.216357642917513,2.765263062579485,0.08454330230656897,-0.06017191977077181,-1.5864226480660706,1.5932550136313832,1.4829307373201608,0,0
-1.5564611227543426,2.733277895714738,2.4212240680271497,-0.5687679083094531,-1.416563686694119,-1.5932550136313832,-1.4656696469165698,0,0
-1.2784400241575693,2.370779337914273,0.2674652814412601,-0.5945558739254999,-1.1577309836511445,-1.3035722838802226,0.14265783539437385,0,0
-0.4956621737394699,1.6457822223133425,0.4385858425672617,-0.41547277936962607,-0.4904279211184764,-1.013889554129062,-0.6232123942775036,0,0
1.331719221891748,0.910123384424163,-1.361130403757932,0.17908309455587587,-0.5672688798343599,-0.7242068243779014,-1.5422566698837576,0,0
0.26282257097599854,0.2597583248409751,-1.0601942445363424,0.2793696275071656,-0.8341901048474271,-0.43452409462674085,-0.27857079092515863,0,0
-0.25812958464708124,-0.14538712211248608,-0.8064637573495107,0.1432664756447011,-1.2345719423670272,-0.14484136487558028,0.8319410420990647,0,0
-0.3067157960523427,-0.6358263473719391,-1.1133006255754463,0.15759312320917018,-1.3801653378287002,0.14484136487558028,1.0617021110006284,0,0
0.49495669213446947,-0.742443570254429,-0.3049034919801945,-0.014326647564469091,-1.5581128211707451,0.43452409462674085,1.368050202869379,0,0
-0.020596995554692507,-0.742443570254429,-0.03937158678467443,-0.08882521489971203,-1.849299612094091,0.7242068243779014,-0.04880972202359499,0,0
0.1656501481654758,-0.9130311268664126,0.13764968334567299,0.1561604584527245,-1.3356784669931894,1.013889554129062,-1.5805501813673513,0,0
0.797270896433873,-0.9236928491546615,-0.7238538312886829,0.36676217765043195,-1.1739080275913307,1.3035722838802226,-1.9251917847196967,0,0
-0.4362790264663728,-0.6038411805071923,-0.06887513180639934,0.3065902578796581,-1.072801502965169,1.5932550136313832,-1.5422566698837576,0,0
-1.3027331298601998,-0.45457706847170654,-0.14558434886288246,0.16905444126074587,-1.6066439529913028,-1.5932550136313832,-1.3890826239493819,0,0
-1.240650748620144,-0.10274023295949015,1.5302170083710689,-0.1790830945558718,-1.2022178544866553,-1.3035722838802226,-0.9295604861462551,0,0
0.6218206885815404,-0.038769899229996276,-0.9303786464407541,0.32378223495702063,-1.0202261101595644,-1.013889554129062,-1.6571372043345391,0,0
-0.06378473902603596,0.17446454653498333,0.06684117529353359,0.09742120343839633,-1.0242703711446108,-0.7242068243779014,-0.6232123942775036,0,0
1.5638533430502186,0.32372865857046895,-0.535031143149646,0.3309455587392572,-1.084934285920308,-0.43452409462674085,-0.9295604861462551,0,0
0.6947000056894328,0.2384348802644772,-0.9657829004668238,0.3223495702005749,-1.3235456840380497,-0.14484136487558028,-0.6232123942775036,0,0
-0.38499358109415266,0.13181765738198736,-1.3434282767448966,0.24355300859599086,-1.5136259503352338,0.14484136487558028,0.7553540191318768,0,0
0.2169355935376962,-0.2946512341479718,-0.08067654981508889,-0.008595988538680233,-1.420607947679165,0.43452409462674085,-0.24027727944156468,0,0
-0.33910660365585027,-0.5931794582189432,-0.08067654981508889,-0.0716332378223475,-1.3558997719184216,0.7242068243779014,-0.5849188827939101,0,0
0.7783762586651602,-0.721120125677931,-0.47012334410185236,0.12464183381088884,-1.1375096787259125,1.013889554129062,-0.967853997629849,0,0
0.7378877491607763,-1.1369272949196412,-0.0039673327586057855,0.4885386819484253,-0.4904279211184764,1.3035722838802226,-2.3464204110392295,0,0
-1.086794412503483,-1.1156038503431434,0.7336212927845066,0.10744985673352633,-2.168796229912762,1.5932550136313832,-1.5805501813673513,0,0
-1.0571028388669343,-1.0409717943254004,0.24976315442822683,0.16905444126074587,-1.6066439529913028,-1.5932550136313832,-0.967853997629849,0,0
-1.4295971263072713,-0.8490607931369187,0.7749262558149211,-0.15042979942693158,-1.5136259503352338,-1.3035722838802226,-1.5805501813673513,0,0
-0.6495185098561309,-0.9236928491546615,-0.20459143890633227,-0.044412607449855,-1.368032554873561,-1.013889554129062,-0.27857079092515863,0,0
1.24804296891602,-0.5931794582189432,-1.549953091896968,0.4598853868194851,-0.7816147120418226,-0.7242068243779014,-1.1593215550478182,0,0
1.3506138596604607,-0.27332778957147386,-0.8182651753582013,0.46131805157593286,-0.9676507173539599,-0.43452409462674085,-0.8912669746626611,0,0
0.5786329451101975,-0.0707550660947432,-1.1310027525884807,0.41547277936962806,-1.5985554310212098,-0.14484136487558028,0.7170605076482829,0,0
0.44637048072920793,0.003876989922999654,-0.7238538312886829,0.3438395415472786,-1.2305276813819808,0.14484136487558028,0.8702345535826587,0,0
0.22503329543857314,-0.028108176941747283,0.07864259330222315,0.05730659025788044,-2.027247095436136,0.43452409462674085,1.7126918062217245,0,0
-0.20144567134094302,0.3663755477234649,0.10814613832394807,-0.11461318051575681,-1.6470865628417675,0.7242068243779014,-0.20198376795797074,0,0
0.381588865522193,0.83549132840642,0.18485535538043116,0.1561604584527245,-1.505537428365141,1.013889554129062,-1.7720177387853209,0,0
-0.03949163332340533,0.846153050694669,-0.34620845501060893,0.41690544412607583,-1.04853593705489,1.3035722838802226,-1.9634852962032905,0,0
-1.3810109149020098,0.8781382175594159,1.8370538765970035,0.05873925501432816,-1.9099635268697883,1.5932550136313832,-0.12539674499078285,0,0
-1.3891086168028868,0.6968889386591832,-0.05117300479336397,0.060171919770775885,-1.5176702113202807,-1.5932550136313832,0.33412539281234355,0,0
-1.1380798578757034,0.7395358278121792,0.910642562914854,-0.21489971346704656,-0.8382343658324735,-1.3035722838802226,-0.3168643024087525,0,0
0.2169355935376962,0.7928444392534242,-1.2903218957057927,0.21919770773639177,-0.7533048851464972,-1.013889554129062,-1.0827345320806305,0,0
0.5516406054406074,0.6115951603531915,-0.8359673023712356,0.3209169054441272,-0.6158000116549173,-0.7242068243779014,-1.5422566698837576,0,0
1.5233648335458345,0.5263013820471997,-0.8123644663538555,0.34240687679083287,-0.8341901048474271,-0.43452409462674085,-0.6997994172446915,0,0
0.5597383073414847,0.3663755477234649,-0.6766481592539236,0.4312320916905449,-1.2709702912324456,-0.14484136487558028,0.8319410420990647,0,0
0.3626942277534802,0.2490966025527262,-0.2281942749237114,0.2650429799426945,-1.3922981207838399,0.14484136487558028,1.1382891339678154,0,0
-0.18794950150614823,-0.0814167883829922,-0.7061517042756474,0.08882521489971407,-1.6673078677669997,0.43452409462674085,1.2914631799021912,0,0
-0.03949163332340533,-0.10274023295949015,0.04913904828050032,-0.14613180515759044,-1.7239275215576506,0.7242068243779014,0.027777300943592886,0,0
0.6569107301520072,0.3876989922999629,-0.02757016877598488,0.008595988538684304,-1.3518555109333752,1.013889554129062,-1.006147509113443,0,0
1.0617958251958515,0.44100760374120773,0.04913904828050032,0.564469914040116,-0.7249950582511718,1.3035722838802226,-1.5805501813673513,0,0
-0.93833654432074,0.49431621518245267,0.06684117529353359,0.35100286532951513,-0.5753574018044526,1.5932550136313832,-0.8529734631790672,0,0
-1.383710148868969,0.6542420495061874,1.44760708231024,0.05444126074498703,-2.3629207571949933,-1.5932550136313832,0.027777300943592886,0,0
-0.5793384267151979,0.37703727001171394,2.1969971258620418,-0.1891117478510018,-2.411451889015551,-1.3035722838802226,0.2958318813287496,0,0
-0.5793384267151979,0.44100760374120773,0.5506993136498155,-0.05444126074498499,-2.0393798783912755,-1.013889554129062,-1.044441020597037,0,0
0.00909457808185593,0.334390380858718,-0.22229356591936555,0.07306590257879725,-1.0040490662193788,-0.7242068243779014,-0.7380929287282855,0,0
0.11976317072717345,-0.3479598455892167,-0.7297545402930277,0.247851002865332,-0.8139687999221944,-0.43452409462674085,0.14265783539437385,0,0
2.0983016685080935,-0.4759005130482045,-0.4052155450540577,0.2650429799426945,-1.2386162033520742,-0.14484136487558028,0.5255929502303132,0,0
0.7648800888303657,-0.4439153461834575,-0.747456667306062,0.20200573065902722,-1.331634206008143,0.14484136487558028,0.3724189042959375,0,0
-0.33370813572193225,-0.753105292542678,-0.6530453232365435,0.011461318051577716,-1.6187767359464424,0.43452409462674085,-0.1636902564743768,0,0
-0.139363290100887,-1.0196483497489024,0.296968826462985,-0.15042979942693158,-1.2871473351726317,0.7242068243779014,-0.43174483685953435,0,0
-1.1920645372148824,-1.4567789635671105,0.12584826533698343,-0.34670487106016995,-1.6106882139763492,1.013889554129062,-0.3934513253759404,0,0
-1.1893653032479234,-1.6273665201790943,-0.4819247621105419,0.12464183381088884,-0.5955787067296846,1.3035722838802226,-2.3464204110392295,0,0
-0.8762541630806838,-1.2968531292433758,0.7159191657714734,-0.07306590257879522,-1.566201343140838,1.5932550136313832,-1.3890826239493819,0,0
-0.8384648875432583,-1.0516335166136492,1.3885999922667922,-0.21776504297993995,-2.0717339662716467,-1.5932550136313832,-0.5083318598267222,0,0
-0.7116008910961871,-1.0836186834783963,0.2615645724369164,-0.03581661891117273,-0.923163846518449,-1.3035722838802226,-1.006147509113443,0,0
-0.6954054872944332,-0.9130311268664126,-1.095598498562411,0.01719197707736454,-1.0040490662193788,-1.013889554129062,-1.235908578015006,0,0
-0.3175127319201786,-0.8170756262721718,0.10224542931960433,0.0358166189111768,-0.9595621953838672,-0.7242068243779014,-0.35515781389234646,0,0
-1.6185435039943985,-0.5505325690659473,-0.5409318521539906,-0.01575931232091478,-1.0687572419801217,-0.43452409462674085,0.10436432391078077,0,0
-0.935637310353781,-0.41193017931871057,-0.26359852894978003,-0.15616045845272042,-1.6268652579165352,-0.14484136487558028,0.5255929502303132,0,0
-1.507874911349081,-0.5398708467776984,-0.8064637573495107,-0.48567335243552784,-1.6228209969314888,0.14484136487558028,1.9424528751232881,0,0
-1.507874911349081,-0.6891349588131841,-0.4996268891235762,-1.0128939828080215,-1.2831030741875853,0.43452409462674085,0.640473484681095,0,0
-1.005817393494714,-0.7317818479661801,0.10814613832394807,-1.1160458452722046,-1.4489177745744906,0.7242068243779014,0.6787669961646889,0,0
-0.9815242877920833,-1.1262655726313922,0.18485535538043116,-0.5845272206303699,-0.8341901048474271,1.013889554129062,-0.9295604861462551,0,0
-1.1110875182061135,-1.1262655726313922,0.8221319278496814,-0.5773638968481354,-0.7694819290866834,1.3035722838802226,-1.2742020894986001,0,0
-1.221756110851431,-1.2008976286491349,0.4975929326107115,-0.4297994269340951,-0.7533048851464972,1.5932550136313832,-1.0827345320806305,0,0
-1.3270262355628306,-0.9983249051724045,0.9047418539105103,-1.1733524355300828,-1.109199851830587,-1.5932550136313832,-0.8146799516954732,0,0
-0.560443788946485,-0.9663397383076575,-0.5173290161366105,-0.6375358166189092,-1.2183948984268416,-1.3035722838802226,-1.044441020597037,0,0
-0.13396482216696892,-1.1049421280548943,-0.2281942749237114,0.05873925501432816,-0.7371278412063117,-1.013889554129062,-1.1593215550478182,0,0
0.870150213541765,-1.232882795513882,-0.9834850274798581,0.05730659025788044,-1.2183948984268416,-0.7242068243779014,-0.6615059057610976,0,0
1.9741369060279812,-1.243544517802131,-0.505527598127921,0.29942693409742355,-1.153686722666098,-0.43452409462674085,-0.20198376795797074,0,0
0.7351885151938168,-0.9130311268664126,-0.8831729744059948,0.31088825214899923,-1.3478112499483288,-0.14484136487558028,-0.6615059057610976,0,0
0.9889165080879597,-0.8703842377134168,-0.48782547111488667,0.24355300859599086,-1.3558997719184216,0.14484136487558028,0.3724189042959375,0,0
0.20613865766986034,-1.1689124617843882,-0.26359852894978003,0.08166189111747953,-1.6632636067819533,0.43452409462674085,0.2958318813287496,0,0
-0.009800059686856646,-1.2755296846668778,-0.12198151284550336,-0.09598853868194658,-1.2264834203969344,0.7242068243779014,-0.43174483685953435,0,0
0.5624375413084435,-1.179574184072637,-0.09837867682812217,0.16189111747851131,-1.3801653378287002,1.013889554129062,-1.312495600982194,0,0
0.03608691775144571,-1.0836186834783963,-0.9657829004668238,0.5444126074498581,-0.4580738332381046,1.3035722838802226,-2.116659342137666,0,0
-0.9707273519242474,-0.9770014605959065,1.0109546159887184,0.11461318051576087,-1.8331225681539052,1.5932550136313832,-1.2742020894986001,0,0
0.07657542725583,-0.763767014830927,0.3205716624803641,0.19197707736389927,-2.6257977212230137,-1.5932550136313832,-1.0827345320806305,0,0
-1.2460492165540618,-0.5078856799129513,1.5184155903623793,-0.11031518624641568,-2.2294601446884594,-1.3035722838802226,-0.04880972202359499,0,0
-0.4146851547307011,-0.188034011265482,-1.0424921175233068,0.24641833810888425,-0.6198442726399637,-1.013889554129062,-1.427376135432976,0,0
0.5165505638701412,0.08917076822899148,-1.2726197686927583,0.3323782234957029,-0.8422786268175199,-0.7242068243779014,-1.0827345320806305,0,0
0.9025410211452728,0.43034588145295877,-0.015768750767295333,0.2679083094555879,-0.7573491461315436,-0.43452409462674085,-0.08710323350718893,0,0
0.40588197122482367,0.7715209946769261,-0.15148505786722827,0.24641833810888425,-1.5500242992006523,-0.14484136487558028,1.6361047832545366,0,0
0.2196348275046551,0.9634319958654078,-0.5704353971757156,0.2893982808022936,-1.1415539397109589,0.14484136487558028,2.057333409574069,0,0
-0.15555869390264065,1.3046071090893752,0.45628796958029705,-0.08022922636102976,-1.6632636067819533,0.43452409462674085,1.0617021110006284,0,0
-0.07998014282778987,1.5711501662955996,0.4680893875889866,-0.13037249283667363,-1.0768457639502151,0.7242068243779014,0.5638864617139071,0,0
0.3626942277534802,1.7097525560428366,0.3323730804890537,-0.05444126074498499,-1.1779522885763771,1.013889554129062,-1.235908578015006,0,0
-0.06108550505907705,2.040265946978555,0.1435503923500167,0.15329512893982905,-0.5713131408194063,1.3035722838802226,-0.7380929287282855,0,0
-0.24463341481228645,2.0935745584197996,0.0432383392761545,0.38252148997134877,-0.8948540196231236,1.5932550136313832,-0.9295604861462551,0,0
-1.575355760523055,1.9336487240960651,2.7929687353008776,-0.4140401146131783,-1.6551750848118605,-1.5932550136313832,0.5638864617139071,0,0
-1.151576027710498,1.6031353331603466,0.43268513356291793,-0.20916905444125972,-0.7533048851464972,-1.3035722838802226,-0.27857079092515863,0,0
-0.8330664196093404,1.1233578301891425,-0.1337829308541929,-0.3237822349570186,-0.8463228878025663,-1.013889554129062,-0.1636902564743768,0,0
0.10356776692541977,0.7715209946769261,-0.16328647587591782,-0.18481375358166063,-1.04853593705489,-0.7242068243779014,-0.35515781389234646,0,0
1.7824912943738946,0.18512626882323233,-0.6884495772626131,0.3352435530085983,-0.3771886135371755,-0.43452409462674085,-0.010516210540001052,0,0
0.6461137942841715,0.06784732365249353,-0.5763361061800604,0.35530085959885627,-1.222439159411888,-0.14484136487558028,0.25753836984515566,0,0
-0.2527311167131634,-0.0814167883829922,-0.7061517042756474,0.3295128939828095,-1.6996619556473715,0.14484136487558028,1.368050202869379,0,0
-0.9059457367172324,-0.25200434499497587,0.2910681174586392,-0.1275071633237802,-1.566201343140838,0.43452409462674085,0.8702345535826587,0,0
-0.7493901666336126,-0.41193017931871057,-0.1101800948368138,-0.25358166189111475,-1.315457162067957,0.7242068243779014,0.8319410420990647,0,0
0.28981491064558806,-0.41193017931871057,0.9283446899278894,-0.041547277936961585,-1.3922981207838399,1.013889554129062,-0.1636902564743768,0,0
0.42477660899353625,-0.3799450124539636,-1.148704879601515,0.42120343839541696,-1.5419357772305593,1.3035722838802226,-1.5422566698837576,0,0
-0.3121142639862605,-0.699796681101433,-0.03937158678467443,0.3209169054441272,-1.1941293325165625,1.5932550136313832,-1.2742020894986001,0,0
-0.9059457367172324,-0.7744287371191759,1.2410822671581698,-0.008595988538680233,-1.8614323950492306,-1.5932550136313832,-0.08710323350718893,1,0
-0.9032465027502734,-0.4759005130482045,-0.5409318521539906,0.19054441260745153,-0.7937474949969617,-1.3035722838802226,-0.8912669746626611,1,1
0.47876128833271553,-0.06009334380649424,-0.5527332701626803,0.31088825214899923,-1.0687572419801217,-1.013889554129062,-1.0827345320806305,1,1
3.2724684441352427,-0.19869573355373096,-0.41701696306274727,0.3868194842406899,-1.2345719423670272,-0.7242068243779014,-0.6997994172446915,1,1
1.2885314784204045,-0.19869573355373096,-0.7710595033234421,0.5759312320916917,-0.6279327946100564,-0.43452409462674085,0.33412539281234355,1,1
1.7069127432990439,-0.188034011265482,-1.0306906995146174,0.4942693409742142,-1.566201343140838,-0.14484136487558028,1.0234085995170343,1,1
-0.26892652051491706,-0.2839895118597228,-0.7592580853147515,0.37535816618911216,-1.299280118127771,0.14484136487558028,1.7509853177053183,1,1
0.15485321229763993,-0.5185474022012003,-0.08067654981508889,0.28796561604584586,-1.2143506374417952,0.43452409462674085,1.2148761569350033,1,1
-0.41738438869766026,-0.6358263473719391,-0.03937158678467443,0.14183381088825336,-1.0930228078904007,0.7242068243779014,1.0234085995170343,1,1
0.27631874081079333,-0.657149791948437,-0.7415559583017172,0.3438395415472786,-1.315457162067957,1.013889554129062,-0.6232123942775036,1,1
-0.568541490847362,-0.8597225154251678,-0.8123644663538555,0.3352435530085983,-0.8382343658324735,1.3035722838802226,-0.8529734631790672,1,1
-1.1110875182061135,-0.7850904594074248,0.1966567733891228,0.27077363896848333,-1.7320160435277434,1.5932550136313832,-1.350789112465788,1,1
